-- phpMyAdmin SQL Dump
-- version 5.1.1
-- https://www.phpmyadmin.net/
--
-- Host: 127.0.0.1
-- Generation Time: Dec 22, 2021 at 09:38 AM
-- Server version: 10.4.21-MariaDB
-- PHP Version: 7.3.31

SET SQL_MODE = "NO_AUTO_VALUE_ON_ZERO";
START TRANSACTION;
SET time_zone = "+00:00";


/*!40101 SET @OLD_CHARACTER_SET_CLIENT=@@CHARACTER_SET_CLIENT */;
/*!40101 SET @OLD_CHARACTER_SET_RESULTS=@@CHARACTER_SET_RESULTS */;
/*!40101 SET @OLD_COLLATION_CONNECTION=@@COLLATION_CONNECTION */;
/*!40101 SET NAMES utf8mb4 */;

--
-- Database: `erp_new_new`
--

-- --------------------------------------------------------

--
-- Table structure for table `add_stocks`
--

CREATE TABLE `add_stocks` (
  `id` bigint(20) UNSIGNED NOT NULL,
  `product_id` bigint(20) UNSIGNED DEFAULT NULL,
  `sale_id` bigint(20) UNSIGNED DEFAULT NULL,
  `previous_qty` varchar(50) COLLATE utf8mb4_unicode_ci NOT NULL,
  `qty` varchar(50) COLLATE utf8mb4_unicode_ci NOT NULL,
  `current_qty` varchar(50) COLLATE utf8mb4_unicode_ci NOT NULL,
  `status` varchar(50) COLLATE utf8mb4_unicode_ci NOT NULL,
  `deleted_at` timestamp NULL DEFAULT NULL,
  `created_at` timestamp NULL DEFAULT NULL,
  `updated_at` timestamp NULL DEFAULT NULL
) ENGINE=InnoDB DEFAULT CHARSET=utf8mb4 COLLATE=utf8mb4_unicode_ci;

--
-- Dumping data for table `add_stocks`
--

INSERT INTO `add_stocks` (`id`, `product_id`, `sale_id`, `previous_qty`, `qty`, `current_qty`, `status`, `deleted_at`, `created_at`, `updated_at`) VALUES
(6, 3, NULL, '0', '48', '48', 'New Stock', NULL, '2021-01-11 15:10:04', '2021-01-11 15:10:04'),
(7, 4, NULL, '0', '17', '17', 'New Stock', NULL, '2021-01-11 15:17:09', '2021-01-11 15:17:09'),
(8, 5, NULL, '0', '6', '6', 'New Stock', NULL, '2021-01-11 15:18:06', '2021-01-11 15:18:06'),
(9, 6, NULL, '0', '5', '5', 'New Stock', NULL, '2021-01-11 15:20:43', '2021-01-11 15:20:43'),
(10, 7, NULL, '0', '1', '1', 'New Stock', NULL, '2021-01-11 15:23:49', '2021-01-11 15:23:49'),
(11, 8, NULL, '0', '5', '5', 'New Stock', NULL, '2021-01-11 15:24:30', '2021-01-11 15:24:30'),
(12, 9, NULL, '0', '382', '382', 'New Stock', NULL, '2021-01-11 15:26:06', '2021-01-11 15:26:06'),
(13, 10, NULL, '0', '295', '295', 'New Stock', NULL, '2021-01-11 15:26:51', '2021-01-11 15:26:51'),
(14, 11, NULL, '0', '50', '50', 'New Stock', NULL, '2021-01-11 15:27:39', '2021-01-11 15:27:39'),
(15, 12, NULL, '0', '137', '137', 'New Stock', NULL, '2021-01-11 15:28:29', '2021-01-11 15:28:29'),
(16, 13, NULL, '0', '48', '48', 'New Stock', NULL, '2021-01-11 15:29:04', '2021-01-11 15:29:04'),
(17, 14, NULL, '0', '50', '50', 'New Stock', NULL, '2021-01-11 15:29:52', '2021-01-11 15:29:52'),
(18, 15, NULL, '0', '78', '78', 'New Stock', NULL, '2021-01-11 15:31:03', '2021-01-11 15:31:03'),
(19, 16, NULL, '0', '31', '31', 'New Stock', NULL, '2021-01-11 15:31:59', '2021-01-11 15:31:59'),
(20, 17, NULL, '0', '18', '18', 'New Stock', NULL, '2021-01-11 15:32:52', '2021-01-11 15:32:52'),
(21, 18, NULL, '0', '23', '23', 'New Stock', NULL, '2021-01-11 15:34:03', '2021-01-11 15:34:03'),
(22, 19, NULL, '0', '45', '45', 'New Stock', NULL, '2021-01-11 15:35:20', '2021-01-11 15:35:20'),
(23, 20, NULL, '0', '4', '4', 'New Stock', NULL, '2021-01-11 15:35:57', '2021-01-11 15:35:57'),
(24, 21, NULL, '0', '22', '22', 'New Stock', NULL, '2021-01-11 15:37:00', '2021-01-11 15:37:00'),
(25, 22, NULL, '0', '3', '3', 'New Stock', NULL, '2021-01-11 15:38:12', '2021-01-11 15:38:12'),
(26, 9, 3, '382', '10', '372', 'Sales Entry', NULL, '2021-01-11 15:44:24', '2021-01-11 15:44:24'),
(27, 9, 4, '372', '1', '371', 'Sales Entry', NULL, '2021-01-11 15:45:57', '2021-01-11 15:45:57'),
(28, 10, 4, '295', '1', '294', 'Sales Entry', NULL, '2021-01-11 15:45:57', '2021-01-11 15:45:57'),
(29, 12, 5, '137', '1', '136', 'Sales Entry', NULL, '2021-01-11 15:47:29', '2021-01-11 15:47:29'),
(30, 13, 5, '48', '2', '46', 'Sales Entry', NULL, '2021-01-11 15:47:29', '2021-01-11 15:47:29'),
(31, 3, 6, '48', '4', '44', 'Sales Entry', NULL, '2021-01-11 15:48:30', '2021-01-11 15:48:30'),
(32, 19, 7, '45', '2', '43', 'Sales Entry', NULL, '2021-01-11 15:49:21', '2021-01-11 15:49:21'),
(33, 19, 8, '43', '1', '42', 'Sales Entry', NULL, '2021-01-11 15:51:09', '2021-01-11 15:51:09'),
(34, 9, 9, '371', '5', '366', 'Sales Entry', NULL, '2021-01-11 15:51:59', '2021-01-11 15:51:59'),
(36, 5, 11, '6', '1', '5', 'Sales Entry', NULL, '2021-01-13 13:47:19', '2021-01-13 13:47:19'),
(37, 9, 12, '366', '1', '365', 'Sales Entry', NULL, '2021-01-14 11:19:40', '2021-01-14 11:19:40'),
(38, 23, NULL, '0', '1', '1', 'New Stock', NULL, '2021-01-18 12:53:58', '2021-01-18 12:53:58'),
(39, 24, NULL, '0', '2', '2', 'New Stock', NULL, '2021-01-18 12:55:00', '2021-01-18 12:55:00'),
(40, 25, NULL, '0', '5', '5', 'New Stock', NULL, '2021-01-18 12:56:14', '2021-01-18 12:56:14'),
(41, 26, NULL, '0', '0', '0', 'New Stock', NULL, '2021-01-18 12:57:32', '2021-01-18 12:57:32'),
(42, 27, NULL, '0', '173', '173', 'New Stock', NULL, '2021-01-18 12:58:43', '2021-01-18 12:58:43'),
(43, 28, NULL, '0', '2', '2', 'New Stock', NULL, '2021-01-18 13:00:31', '2021-01-18 13:00:31'),
(44, 29, NULL, '0', '2', '2', 'New Stock', NULL, '2021-01-18 13:01:18', '2021-01-18 13:01:18'),
(45, 30, NULL, '0', '0', '0', 'New Stock', NULL, '2021-01-18 13:02:14', '2021-01-18 13:02:14'),
(46, 31, NULL, '0', '1', '1', 'New Stock', NULL, '2021-01-18 13:02:55', '2021-01-18 13:02:55'),
(47, 32, NULL, '0', '26', '26', 'New Stock', NULL, '2021-01-18 13:04:39', '2021-01-18 13:04:39'),
(48, 33, NULL, '0', '22', '22', 'New Stock', NULL, '2021-01-18 13:05:17', '2021-01-18 13:05:17'),
(49, 34, NULL, '0', '10', '10', 'New Stock', NULL, '2021-01-18 13:18:02', '2021-01-18 13:18:02'),
(50, 35, NULL, '0', '5', '5', 'New Stock', NULL, '2021-01-18 13:18:44', '2021-01-18 13:18:44'),
(51, 36, NULL, '0', '4', '4', 'New Stock', NULL, '2021-01-18 13:19:18', '2021-01-18 13:19:18'),
(52, 37, NULL, '0', '10', '10', 'New Stock', NULL, '2021-01-18 13:20:32', '2021-01-18 13:20:32'),
(53, 38, NULL, '0', '8', '8', 'New Stock', NULL, '2021-01-18 13:21:21', '2021-01-18 13:21:21'),
(54, 39, NULL, '0', '3', '3', 'New Stock', NULL, '2021-01-18 13:22:16', '2021-01-18 13:22:16'),
(55, 40, NULL, '0', '4', '4', 'New Stock', NULL, '2021-01-18 13:22:46', '2021-01-18 13:22:46'),
(56, 41, NULL, '0', '0', '0', 'New Stock', NULL, '2021-01-18 13:23:51', '2021-01-18 13:23:51'),
(57, 42, NULL, '0', '0', '0', 'New Stock', NULL, '2021-01-18 13:24:36', '2021-01-18 13:24:36'),
(58, 43, NULL, '0', '39', '39', 'New Stock', NULL, '2021-01-18 13:25:54', '2021-01-18 13:25:54'),
(59, 44, NULL, '0', '28', '28', 'New Stock', NULL, '2021-01-18 13:26:32', '2021-01-18 13:26:32'),
(60, 45, NULL, '0', '9', '9', 'New Stock', NULL, '2021-01-18 13:27:31', '2021-01-18 13:27:31'),
(61, 46, NULL, '0', '3', '3', 'New Stock', NULL, '2021-01-18 13:28:37', '2021-01-18 13:28:37'),
(62, 47, NULL, '0', '16', '16', 'New Stock', NULL, '2021-01-18 13:29:59', '2021-01-18 13:29:59'),
(63, 48, NULL, '0', '9', '9', 'New Stock', NULL, '2021-01-18 13:35:01', '2021-01-18 13:35:01'),
(64, 49, NULL, '0', '135', '135', 'New Stock', NULL, '2021-01-18 13:37:18', '2021-01-18 13:37:18'),
(65, 50, NULL, '0', '0', '0', 'New Stock', NULL, '2021-01-18 13:38:07', '2021-01-18 13:38:07'),
(66, 51, NULL, '0', '7', '7', 'New Stock', NULL, '2021-01-18 13:38:50', '2021-01-18 13:38:50'),
(67, 52, NULL, '0', '0', '0', 'New Stock', NULL, '2021-01-18 13:40:06', '2021-01-18 13:40:06'),
(68, 53, NULL, '0', '5', '5', 'New Stock', NULL, '2021-01-18 13:40:51', '2021-01-18 13:40:51'),
(69, 54, NULL, '0', '2', '2', 'New Stock', NULL, '2021-01-18 13:41:32', '2021-01-18 13:41:32'),
(70, 55, NULL, '0', '4', '4', 'New Stock', NULL, '2021-01-18 13:42:49', '2021-01-18 13:42:49'),
(71, 56, NULL, '0', '3', '3', 'New Stock', NULL, '2021-01-18 13:43:27', '2021-01-18 13:43:27'),
(72, 57, NULL, '0', '6', '6', 'New Stock', NULL, '2021-01-18 13:44:22', '2021-01-18 13:44:22'),
(73, 58, NULL, '0', '2', '2', 'New Stock', NULL, '2021-01-18 13:45:35', '2021-01-18 13:45:35'),
(74, 59, NULL, '0', '18', '18', 'New Stock', NULL, '2021-01-18 13:46:10', '2021-01-18 13:46:10'),
(75, 60, NULL, '0', '10', '10', 'New Stock', NULL, '2021-01-18 13:48:57', '2021-01-18 13:48:57'),
(76, 61, NULL, '0', '15', '15', 'New Stock', NULL, '2021-01-18 13:55:15', '2021-01-18 13:55:15'),
(77, 62, NULL, '0', '0', '0', 'New Stock', NULL, '2021-01-18 13:55:43', '2021-01-18 13:55:43'),
(78, 63, NULL, '0', '0', '0', 'New Stock', NULL, '2021-01-18 13:56:46', '2021-01-18 13:56:46'),
(79, 64, NULL, '0', '7', '7', 'New Stock', NULL, '2021-01-18 13:58:45', '2021-01-18 13:58:45'),
(80, 65, NULL, '0', '270', '270', 'New Stock', NULL, '2021-01-18 13:59:35', '2021-01-18 13:59:35'),
(81, 66, NULL, '0', '7', '7', 'New Stock', NULL, '2021-01-18 14:00:28', '2021-01-18 14:00:28'),
(82, 67, NULL, '0', '10', '10', 'New Stock', NULL, '2021-01-18 14:01:08', '2021-01-18 14:01:08'),
(83, 68, NULL, '0', '10', '10', 'New Stock', NULL, '2021-01-18 14:01:51', '2021-01-18 14:01:51'),
(84, 69, NULL, '0', '4', '4', 'New Stock', NULL, '2021-01-18 14:02:17', '2021-01-18 14:02:17'),
(85, 70, NULL, '0', '105', '105', 'New Stock', NULL, '2021-01-18 14:03:43', '2021-01-18 14:03:43'),
(86, 71, NULL, '0', '26', '26', 'New Stock', NULL, '2021-01-18 14:06:48', '2021-01-18 14:06:48'),
(87, 72, NULL, '0', '17', '17', 'New Stock', NULL, '2021-01-18 14:08:17', '2021-01-18 14:08:17'),
(88, 73, NULL, '0', '18', '18', 'New Stock', NULL, '2021-01-18 14:09:30', '2021-01-18 14:09:30'),
(89, 74, NULL, '0', '0', '0', 'New Stock', NULL, '2021-01-18 14:10:01', '2021-01-18 14:10:01'),
(90, 75, NULL, '0', '0', '0', 'New Stock', NULL, '2021-01-18 14:10:02', '2021-01-18 14:10:02'),
(91, 76, NULL, '0', '1', '1', 'New Stock', NULL, '2021-01-18 14:12:22', '2021-01-18 14:12:22'),
(92, 77, NULL, '0', '5', '5', 'New Stock', NULL, '2021-01-18 14:14:19', '2021-01-18 14:14:19'),
(93, 78, NULL, '0', '5', '5', 'New Stock', NULL, '2021-01-18 14:14:53', '2021-01-18 14:14:53'),
(94, 79, NULL, '0', '5', '5', 'New Stock', NULL, '2021-01-18 14:15:42', '2021-01-18 14:15:42'),
(95, 80, NULL, '0', '5', '5', 'New Stock', NULL, '2021-01-18 14:16:33', '2021-01-18 14:16:33'),
(96, 81, NULL, '0', '5', '5', 'New Stock', NULL, '2021-01-18 14:17:09', '2021-01-18 14:17:09'),
(97, 82, NULL, '0', '1', '1', 'New Stock', NULL, '2021-01-18 14:19:40', '2021-01-18 14:19:40'),
(98, 10, 13, '294', '1', '293', 'Sales Entry', NULL, '2021-01-18 15:58:19', '2021-01-18 15:58:19'),
(99, 15, 13, '78', '1', '77', 'Sales Entry', NULL, '2021-01-18 15:58:19', '2021-01-18 15:58:19'),
(101, 3, 15, '43', '1', '42', 'Sales Entry', NULL, '2021-01-23 11:08:20', '2021-01-23 11:08:20'),
(102, 3, 16, '42', '3', '39', 'Sales Entry', NULL, '2021-01-23 11:19:15', '2021-01-23 11:19:15'),
(105, 10, 14, '289', '2', '287', 'Sales Entry', NULL, '2021-01-24 11:32:24', '2021-01-24 11:32:24'),
(106, 15, 14, '77', '2', '75', 'Sales Entry', NULL, '2021-01-24 11:32:24', '2021-01-24 11:32:24'),
(107, 3, NULL, '39', '1', '40', 'Stock Entry', NULL, '2021-01-24 11:37:22', '2021-01-24 11:37:22'),
(108, 10, NULL, '287', '4', '291', 'Stock Entry', NULL, '2021-01-24 11:39:19', '2021-01-24 11:39:19'),
(109, 43, 17, '39', '4', '35', 'Sales Entry', NULL, '2021-01-24 12:01:20', '2021-01-24 12:01:20'),
(110, 10, NULL, '291', '1', '290', 'Sales Entry', NULL, '2021-01-24 13:34:38', '2021-01-24 13:34:38'),
(111, 10, 18, '290', '1', '289', 'Sales Entry', NULL, '2021-01-24 13:56:08', '2021-01-24 13:56:08'),
(112, 10, NULL, '289', '1', '290', 'Stock Entry', NULL, '2021-01-24 14:01:50', '2021-01-24 14:01:50'),
(113, 9, 19, '365', '4', '361', 'Sales Entry', NULL, '2021-01-25 11:48:57', '2021-01-25 11:48:57'),
(114, 10, 19, '290', '1', '289', 'Sales Entry', NULL, '2021-01-25 11:48:57', '2021-01-25 11:48:57'),
(115, 15, 19, '75', '1', '74', 'Sales Entry', NULL, '2021-01-25 11:48:57', '2021-01-25 11:48:57'),
(116, 12, 19, '136', '1', '135', 'Sales Entry', NULL, '2021-01-25 11:48:57', '2021-01-25 11:48:57'),
(117, 3, 20, '40', '1', '39', 'Sales Entry', NULL, '2021-01-27 14:08:04', '2021-01-27 14:08:04'),
(118, 19, 21, '42', '1', '41', 'Sales Entry', NULL, '2021-01-27 17:24:25', '2021-01-27 17:24:25'),
(119, 33, 22, '22', '2', '20', 'Sales Entry', NULL, '2021-01-28 12:14:23', '2021-01-28 12:14:23'),
(120, 9, 23, '361', '1', '360', 'Sales Entry', NULL, '2021-01-31 10:33:42', '2021-01-31 10:33:42'),
(121, 10, 23, '289', '1', '288', 'Sales Entry', NULL, '2021-01-31 10:33:42', '2021-01-31 10:33:42'),
(122, 9, 24, '360', '3', '357', 'Sales Entry', NULL, '2021-01-31 12:34:03', '2021-01-31 12:34:03'),
(123, 10, 24, '288', '2', '286', 'Sales Entry', NULL, '2021-01-31 12:34:03', '2021-01-31 12:34:03'),
(124, 3, 25, '39', '1', '38', 'Sales Entry', NULL, '2021-01-31 13:23:27', '2021-01-31 13:23:27'),
(125, 10, 26, '286', '1', '285', 'Sales Entry', NULL, '2021-01-31 13:52:28', '2021-01-31 13:52:28'),
(126, 10, 27, '285', '1', '284', 'Sales Entry', NULL, '2021-02-01 16:42:58', '2021-02-01 16:42:58'),
(127, 3, 28, '38', '2', '36', 'Sales Entry', NULL, '2021-02-02 15:14:42', '2021-02-02 15:14:42'),
(128, 13, 29, '46', '1', '45', 'Sales Entry', NULL, '2021-02-08 15:52:58', '2021-02-08 15:52:58'),
(129, 3, 30, '36', '1', '35', 'Sales Entry', NULL, '2021-02-09 17:54:40', '2021-02-09 17:54:40'),
(130, 9, 31, '357', '1', '356', 'Sales Entry', NULL, '2021-02-15 16:53:40', '2021-02-15 16:53:40'),
(131, 3, 32, '35', '1', '34', 'Sales Entry', NULL, '2021-02-17 13:33:23', '2021-02-17 13:33:23'),
(132, 13, 33, '45', '1', '44', 'Sales Entry', NULL, '2021-02-17 13:38:17', '2021-02-17 13:38:17'),
(133, 83, NULL, '0', '2', '2', 'New Stock', NULL, '2021-02-17 13:40:55', '2021-02-17 13:40:55'),
(134, 83, 34, '2', '1', '1', 'Sales Entry', NULL, '2021-02-17 13:41:31', '2021-02-17 13:41:31'),
(135, 3, 35, '34', '1', '33', 'Sales Entry', NULL, '2021-02-18 16:36:52', '2021-02-18 16:36:52'),
(136, 9, 36, '356', '1', '355', 'Sales Entry', NULL, '2021-02-23 13:48:19', '2021-02-23 13:48:19'),
(137, 10, 36, '284', '1', '283', 'Sales Entry', NULL, '2021-02-23 13:48:19', '2021-02-23 13:48:19'),
(138, 32, 36, '26', '1', '25', 'Sales Entry', NULL, '2021-02-23 13:48:19', '2021-02-23 13:48:19'),
(139, 12, 36, '135', '1', '134', 'Sales Entry', NULL, '2021-02-23 13:48:19', '2021-02-23 13:48:19'),
(141, 57, 37, '6', '4', '2', 'Sales Entry', NULL, '2021-02-23 16:46:42', '2021-02-23 16:46:42'),
(142, 12, 38, '134', '10', '124', 'Sales Entry', NULL, '2021-03-02 15:28:51', '2021-03-02 15:28:51'),
(143, 5, 39, '5', '1', '4', 'Sales Entry', NULL, '2021-03-06 10:12:05', '2021-03-06 10:12:05'),
(144, 13, 40, '44', '1', '43', 'Sales Entry', NULL, '2021-03-09 13:10:39', '2021-03-09 13:10:39'),
(145, 3, 41, '33', '1', '32', 'Sales Entry', NULL, '2021-03-22 09:03:18', '2021-03-22 09:03:18'),
(146, 10, 42, '283', '4', '279', 'Sales Entry', NULL, '2021-03-22 09:34:39', '2021-03-22 09:34:39'),
(151, 9, 43, '355', '3', '352', 'Sales Entry', NULL, '2021-03-24 09:15:03', '2021-03-24 09:15:03'),
(152, 10, 43, '279', '3', '276', 'Sales Entry', NULL, '2021-03-24 09:15:03', '2021-03-24 09:15:03'),
(153, 21, 43, '22', '1', '21', 'Sales Entry', NULL, '2021-03-24 09:15:03', '2021-03-24 09:15:03'),
(154, 51, 43, '5', '2', '3', 'Sales Entry', NULL, '2021-03-24 09:15:03', '2021-03-24 09:15:03'),
(155, 28, 44, '2', '1', '1', 'Sales Entry', NULL, '2021-03-24 16:13:45', '2021-03-24 16:13:45'),
(156, 5, 45, '4', '1', '3', 'Sales Entry', NULL, '2021-03-29 09:19:46', '2021-03-29 09:19:46'),
(157, 9, 46, '352', '1', '351', 'Sales Entry', NULL, '2021-03-29 11:10:25', '2021-03-29 11:10:25'),
(158, 10, 46, '276', '1', '275', 'Sales Entry', NULL, '2021-03-29 11:10:25', '2021-03-29 11:10:25'),
(159, 56, 47, '3', '2', '1', 'Sales Entry', NULL, '2021-04-01 14:29:39', '2021-04-01 14:29:39'),
(160, 10, 48, '275', '2', '273', 'Sales Entry', NULL, '2021-04-04 09:46:28', '2021-04-04 09:46:28'),
(161, 12, 49, '124', '2', '122', 'Sales Entry', NULL, '2021-04-11 08:44:27', '2021-04-11 08:44:27'),
(162, 13, 49, '43', '2', '41', 'Sales Entry', NULL, '2021-04-11 08:44:27', '2021-04-11 08:44:27'),
(163, 43, 50, '35', '1', '34', 'Sales Entry', NULL, '2021-04-12 11:53:19', '2021-04-12 11:53:19'),
(164, 45, 50, '9', '1', '8', 'Sales Entry', NULL, '2021-04-12 11:53:19', '2021-04-12 11:53:19'),
(166, 12, 51, '121', '1', '120', 'Sales Entry', NULL, '2021-04-25 08:29:59', '2021-04-25 08:29:59'),
(167, 15, 51, '74', '1', '73', 'Sales Entry', NULL, '2021-04-25 08:29:59', '2021-04-25 08:29:59'),
(168, 34, 51, '10', '1', '9', 'Sales Entry', NULL, '2021-04-25 08:29:59', '2021-04-25 08:29:59'),
(169, 35, 51, '5', '1', '4', 'Sales Entry', NULL, '2021-04-25 08:29:59', '2021-04-25 08:29:59'),
(170, 3, 52, '32', '1', '31', 'Sales Entry', NULL, '2021-04-25 08:32:11', '2021-04-25 08:32:11'),
(171, 3, 53, '31', '1', '30', 'Sales Entry', NULL, '2021-04-26 10:40:50', '2021-04-26 10:40:50'),
(172, 9, 54, '351', '3', '348', 'Sales Entry', NULL, '2021-04-28 09:50:28', '2021-04-28 09:50:28'),
(173, 10, 54, '273', '2', '271', 'Sales Entry', NULL, '2021-04-28 09:50:28', '2021-04-28 09:50:28'),
(174, 3, 55, '30', '2', '28', 'Sales Entry', NULL, '2021-05-02 13:17:27', '2021-05-02 13:17:27'),
(175, 4, 56, '17', '4', '13', 'Sales Entry', NULL, '2021-05-03 11:54:07', '2021-05-03 11:54:07'),
(176, 3, 57, '28', '1', '27', 'Sales Entry', NULL, '2021-05-04 12:28:07', '2021-05-04 12:28:07'),
(177, 3, 58, '27', '1', '26', 'Sales Entry', NULL, '2021-05-05 10:25:04', '2021-05-05 10:25:04'),
(178, 13, 59, '41', '1', '40', 'Sales Entry', NULL, '2021-05-06 12:17:05', '2021-05-06 12:17:05'),
(179, 3, 60, '26', '1', '25', 'Sales Entry', NULL, '2021-05-08 14:44:33', '2021-05-08 14:44:33'),
(180, 3, 61, '25', '1', '24', 'Sales Entry', NULL, '2021-05-09 12:49:07', '2021-05-09 12:49:07'),
(181, 3, 62, '24', '1', '23', 'Sales Entry', NULL, '2021-05-19 12:10:11', '2021-05-19 12:10:11'),
(182, 3, 63, '23', '1', '22', 'Sales Entry', NULL, '2021-05-19 12:20:18', '2021-05-19 12:20:18'),
(183, 3, 64, '22', '1', '21', 'Sales Entry', NULL, '2021-05-19 13:05:54', '2021-05-19 13:05:54'),
(184, 3, 65, '21', '1', '20', 'Sales Entry', NULL, '2021-05-20 11:27:19', '2021-05-20 11:27:19'),
(185, 10, 66, '271', '1', '270', 'Sales Entry', NULL, '2021-05-23 10:53:12', '2021-05-23 10:53:12'),
(187, 10, 68, '270', '3', '267', 'Sales Entry', NULL, '2021-05-24 10:28:59', '2021-05-24 10:28:59'),
(188, 9, 68, '348', '2', '346', 'Sales Entry', NULL, '2021-05-24 10:28:59', '2021-05-24 10:28:59'),
(189, 12, 68, '120', '1', '119', 'Sales Entry', NULL, '2021-05-24 10:28:59', '2021-05-24 10:28:59'),
(190, 18, 69, '23', '1', '22', 'Sales Entry', NULL, '2021-05-24 12:17:36', '2021-05-24 12:17:36'),
(191, 3, 70, '20', '1', '19', 'Sales Entry', NULL, '2021-05-24 14:24:58', '2021-05-24 14:24:58'),
(192, 3, 71, '19', '3', '16', 'Sales Entry', NULL, '2021-05-25 12:40:55', '2021-05-25 12:40:55'),
(193, 3, 72, '16', '1', '15', 'Sales Entry', NULL, '2021-05-27 10:53:27', '2021-05-27 10:53:27'),
(194, 3, 73, '15', '2', '13', 'Sales Entry', NULL, '2021-05-27 11:48:27', '2021-05-27 11:48:27'),
(195, 3, 74, '13', '1', '12', 'Sales Entry', NULL, '2021-05-27 13:42:11', '2021-05-27 13:42:11'),
(196, 3, 75, '12', '1', '11', 'Sales Entry', NULL, '2021-05-27 15:03:20', '2021-05-27 15:03:20'),
(197, 5, 76, '2', '1', '1', 'Sales Entry', NULL, '2021-05-30 11:55:43', '2021-05-30 11:55:43'),
(198, 84, NULL, '0', '0', '0', 'New Stock', NULL, '2021-05-30 13:14:44', '2021-05-30 13:14:44'),
(200, 57, 77, '0', '2', '-2', 'Sales Entry', NULL, '2021-05-31 14:12:17', '2021-05-31 14:12:17'),
(201, 12, 78, '119', '2', '117', 'Sales Entry', NULL, '2021-06-01 16:50:24', '2021-06-01 16:50:24'),
(202, 13, 78, '40', '2', '38', 'Sales Entry', NULL, '2021-06-01 16:50:24', '2021-06-01 16:50:24'),
(203, 3, 79, '11', '1', '10', 'Sales Entry', NULL, '2021-06-02 14:54:36', '2021-06-02 14:54:36'),
(204, 13, 80, '38', '2', '36', 'Sales Entry', NULL, '2021-06-02 15:34:56', '2021-06-02 15:34:56'),
(205, 63, 81, '20', '1', '19', 'Sales Entry', NULL, '2021-06-03 10:44:51', '2021-06-03 10:44:51'),
(206, 3, 82, '10', '1', '9', 'Sales Entry', NULL, '2021-06-06 13:05:39', '2021-06-06 13:05:39'),
(207, 3, 83, '9', '1', '8', 'Sales Entry', NULL, '2021-06-06 15:00:44', '2021-06-06 15:00:44'),
(208, 7, 84, '1', '1', '0', 'Sales Entry', NULL, '2021-06-07 16:10:47', '2021-06-07 16:10:47'),
(209, 9, 85, '346', '2', '344', 'Sales Entry', NULL, '2021-06-08 15:29:46', '2021-06-08 15:29:46'),
(210, 10, 85, '267', '2', '265', 'Sales Entry', NULL, '2021-06-08 15:29:46', '2021-06-08 15:29:46'),
(211, 12, 85, '117', '2', '115', 'Sales Entry', NULL, '2021-06-08 15:29:46', '2021-06-08 15:29:46'),
(212, 3, 86, '8', '1', '7', 'Sales Entry', NULL, '2021-06-09 15:40:54', '2021-06-09 15:40:54'),
(213, 3, 87, '7', '2', '5', 'Sales Entry', NULL, '2021-06-10 12:31:41', '2021-06-10 12:31:41'),
(214, 5, NULL, '1', '15', '16', 'Stock Entry', NULL, '2021-06-11 11:56:22', '2021-06-11 11:56:22'),
(215, 85, NULL, '0', '30', '30', 'New Stock', NULL, '2021-06-11 12:11:32', '2021-06-11 12:11:32'),
(217, 5, 88, '15', '1', '14', 'Sales Entry', NULL, '2021-06-12 17:13:14', '2021-06-12 17:13:14'),
(219, 5, 89, '14', '1', '13', 'Sales Entry', NULL, '2021-06-13 11:54:31', '2021-06-13 11:54:31'),
(223, 5, 92, '13', '1', '12', 'Sales Entry', NULL, '2021-06-15 08:01:52', '2021-06-15 08:01:52'),
(224, 15, 93, '73', '1', '72', 'Sales Entry', NULL, '2021-06-15 11:24:25', '2021-06-15 11:24:25'),
(225, 9, 94, '344', '1', '343', 'Sales Entry', NULL, '2021-06-17 10:00:58', '2021-06-17 10:00:58'),
(226, 9, 95, '343', '5', '338', 'Sales Entry', NULL, '2021-06-19 14:15:52', '2021-06-19 14:15:52'),
(227, 10, 95, '265', '5', '260', 'Sales Entry', NULL, '2021-06-19 14:15:52', '2021-06-19 14:15:52'),
(228, 63, 96, '19', '2', '17', 'Sales Entry', NULL, '2021-06-20 11:43:44', '2021-06-20 11:43:44'),
(229, 60, 96, '10', '1', '9', 'Sales Entry', NULL, '2021-06-20 11:43:45', '2021-06-20 11:43:45'),
(230, 61, 96, '15', '6', '9', 'Sales Entry', NULL, '2021-06-20 11:43:45', '2021-06-20 11:43:45'),
(231, 6, 97, '5', '5', '0', 'Sales Entry', NULL, '2021-06-20 11:56:42', '2021-06-20 11:56:42'),
(232, 56, NULL, '1', '2', '3', 'Stock Entry', NULL, '2021-06-21 09:37:37', '2021-06-21 09:37:37'),
(233, 56, 98, '3', '1', '2', 'Sales Entry', NULL, '2021-06-21 11:07:24', '2021-06-21 11:07:24'),
(234, 3, 99, '5', '1', '4', 'Sales Entry', NULL, '2021-06-21 15:09:30', '2021-06-21 15:09:30'),
(235, 57, NULL, '-2', '10', '8', 'Stock Entry', NULL, '2021-06-22 11:22:41', '2021-06-22 11:22:41'),
(236, 25, 100, '5', '1', '4', 'Sales Entry', NULL, '2021-06-22 16:24:44', '2021-06-22 16:24:44'),
(237, 19, 100, '41', '1', '40', 'Sales Entry', NULL, '2021-06-22 16:24:44', '2021-06-22 16:24:44'),
(238, 16, 100, '31', '1', '30', 'Sales Entry', NULL, '2021-06-22 16:24:44', '2021-06-22 16:24:44'),
(239, 49, 101, '135', '1', '134', 'Sales Entry', NULL, '2021-06-22 16:31:18', '2021-06-22 16:31:18'),
(240, 9, 101, '338', '1', '337', 'Sales Entry', NULL, '2021-06-22 16:31:18', '2021-06-22 16:31:18'),
(241, 57, 102, '10', '7', '3', 'Sales Entry', NULL, '2021-06-23 15:05:37', '2021-06-23 15:05:37'),
(242, 3, 103, '4', '1', '3', 'Sales Entry', NULL, '2021-06-23 15:11:46', '2021-06-23 15:11:46'),
(243, 4, 104, '13', '1', '12', 'Sales Entry', NULL, '2021-06-29 23:22:25', '2021-06-29 23:22:25'),
(244, 4, 105, '12', '1', '11', 'Sales Entry', NULL, '2021-07-05 23:57:40', '2021-07-05 23:57:40'),
(245, 4, 106, '11', '1', '10', 'Sales Entry', NULL, '2021-07-16 10:15:30', '2021-07-16 10:15:30'),
(246, 5, 107, '12', '1', '11', 'Sales Entry', NULL, '2021-07-16 22:26:02', '2021-07-16 22:26:02'),
(247, 4, 108, '10', '1', '9', 'Sales Entry', NULL, '2021-07-16 23:44:19', '2021-07-16 23:44:19'),
(248, 5, 109, '11', '12', '-1', 'Sales Entry', NULL, '2021-07-16 23:45:31', '2021-07-16 23:45:31'),
(249, 5, 110, '-1', '12', '-13', 'Sales Entry', NULL, '2021-07-16 23:46:08', '2021-07-16 23:46:08'),
(250, 10, 111, '260', '12', '248', 'Sales Entry', NULL, '2021-07-16 23:46:57', '2021-07-16 23:46:57'),
(251, 4, 112, '9', '1', '8', 'Sales Entry', NULL, '2021-07-16 23:47:57', '2021-07-16 23:47:57'),
(252, 4, 113, '8', '1', '7', 'Sales Entry', NULL, '2021-11-29 03:15:27', '2021-11-29 03:15:27'),
(253, 4, 113, '7', '4', '3', 'Sales Entry', NULL, '2021-11-29 03:15:27', '2021-11-29 03:15:27');

-- --------------------------------------------------------

--
-- Table structure for table `bank_gurantees`
--

CREATE TABLE `bank_gurantees` (
  `id` bigint(20) UNSIGNED NOT NULL,
  `tender_id` bigint(20) UNSIGNED NOT NULL,
  `bg_date` date NOT NULL,
  `bg_no` varchar(255) COLLATE utf8mb4_unicode_ci NOT NULL,
  `bg_amount` varchar(255) COLLATE utf8mb4_unicode_ci NOT NULL,
  `bank_info` varchar(255) COLLATE utf8mb4_unicode_ci NOT NULL,
  `validity` varchar(255) COLLATE utf8mb4_unicode_ci NOT NULL,
  `status` varchar(255) COLLATE utf8mb4_unicode_ci NOT NULL,
  `bg` varchar(255) COLLATE utf8mb4_unicode_ci DEFAULT NULL,
  `deleted_at` timestamp NULL DEFAULT NULL,
  `created_at` timestamp NULL DEFAULT NULL,
  `updated_at` timestamp NULL DEFAULT NULL
) ENGINE=InnoDB DEFAULT CHARSET=utf8mb4 COLLATE=utf8mb4_unicode_ci;

-- --------------------------------------------------------

--
-- Table structure for table `brands`
--

CREATE TABLE `brands` (
  `id` bigint(20) UNSIGNED NOT NULL,
  `brand` varchar(100) COLLATE utf8mb4_unicode_ci NOT NULL,
  `origin` varchar(100) COLLATE utf8mb4_unicode_ci NOT NULL,
  `status` int(11) NOT NULL,
  `deleted_at` timestamp NULL DEFAULT NULL,
  `created_at` timestamp NULL DEFAULT NULL,
  `updated_at` timestamp NULL DEFAULT NULL
) ENGINE=InnoDB DEFAULT CHARSET=utf8mb4 COLLATE=utf8mb4_unicode_ci;

--
-- Dumping data for table `brands`
--

INSERT INTO `brands` (`id`, `brand`, `origin`, `status`, `deleted_at`, `created_at`, `updated_at`) VALUES
(1, 'GonDo Electronic', 'Taiwan', 1, NULL, '2021-01-07 13:42:10', '2021-01-07 13:42:10'),
(2, 'KETT Laboratories', 'Japan', 1, NULL, '2021-01-11 13:23:47', '2021-01-13 11:06:06'),
(3, 'Heron Instruments', 'Canada', 1, NULL, '2021-01-11 13:24:09', '2021-01-11 13:24:09'),
(4, 'Van Essen Instruments', 'The Netherlands', 1, NULL, '2021-01-11 13:24:29', '2021-01-11 13:24:29'),
(5, 'AZ Instruments', 'Taiwan', 1, NULL, '2021-01-11 13:26:08', '2021-01-11 13:26:08'),
(6, 'Aquasol', 'India', 1, NULL, '2021-01-18 12:47:50', '2021-01-18 12:47:50'),
(7, 'STEP', 'Germany', 1, NULL, '2021-01-18 12:51:18', '2021-01-18 12:51:18'),
(8, 'MIC', 'Taiwan', 1, NULL, '2021-01-18 13:03:50', '2021-01-18 13:03:50'),
(9, 'Milwaukee', 'Romania', 1, NULL, '2021-01-18 13:12:21', '2021-01-18 13:12:21'),
(10, 'Cometech', 'Taiwan', 1, NULL, '2021-01-18 13:12:37', '2021-01-18 13:12:37'),
(11, 'Rapitech', 'China/Taiwan', 1, NULL, '2021-01-18 13:12:58', '2021-01-18 13:12:58'),
(12, 'Seed Divider', 'China', 1, NULL, '2021-01-18 13:13:18', '2021-01-18 13:13:18'),
(13, 'POTOP', 'Taiwan', 1, NULL, '2021-01-18 13:14:04', '2021-01-18 13:14:04'),
(14, 'Garmin', 'USA', 1, NULL, '2021-01-18 13:14:17', '2021-01-18 13:14:17'),
(15, 'Geovan', 'South Korea', 1, NULL, '2021-01-18 13:14:46', '2021-01-18 13:14:46'),
(16, 'MALA', 'Sweden', 1, NULL, '2021-01-18 13:15:03', '2021-01-18 13:15:03'),
(17, 'ABEM', 'Sweden', 1, NULL, '2021-01-18 13:15:16', '2021-01-18 13:15:16'),
(18, 'Geometrics', 'USA', 1, NULL, '2021-01-18 13:15:37', '2021-01-18 13:15:37'),
(19, 'Teledyne', 'USA', 1, NULL, '2021-01-18 13:15:51', '2021-01-18 13:15:51'),
(20, 'Geocomp', 'USA', 1, NULL, '2021-01-18 13:16:14', '2021-01-18 13:16:14'),
(21, 'UNiqscan', 'China', 1, NULL, '2021-01-18 13:16:32', '2021-01-18 13:16:32'),
(22, 'VISA', 'USA', 1, NULL, '2021-01-18 13:16:45', '2021-01-18 13:16:45'),
(23, 'E-Sun', 'China', 1, NULL, '2021-01-18 13:16:58', '2021-01-18 13:16:58'),
(24, 'Other', 'other', 1, NULL, '2021-01-18 13:59:06', '2021-01-18 13:59:06'),
(25, 'Jadever', 'Taiwan', 1, NULL, '2021-01-18 14:13:19', '2021-01-18 14:13:19');

-- --------------------------------------------------------

--
-- Table structure for table `categories`
--

CREATE TABLE `categories` (
  `id` bigint(20) UNSIGNED NOT NULL,
  `category` varchar(100) COLLATE utf8mb4_unicode_ci NOT NULL,
  `status` int(11) NOT NULL,
  `deleted_at` timestamp NULL DEFAULT NULL,
  `created_at` timestamp NULL DEFAULT NULL,
  `updated_at` timestamp NULL DEFAULT NULL
) ENGINE=InnoDB DEFAULT CHARSET=utf8mb4 COLLATE=utf8mb4_unicode_ci;

--
-- Dumping data for table `categories`
--

INSERT INTO `categories` (`id`, `category`, `status`, `deleted_at`, `created_at`, `updated_at`) VALUES
(1, 'Water Quality Testing Meter', 1, NULL, '2021-01-07 13:36:18', '2021-01-07 13:36:18'),
(2, 'Moisture Meter', 1, NULL, '2021-01-11 13:21:53', '2021-01-11 13:22:09'),
(3, 'Geo Physical Equipment', 1, NULL, '2021-01-11 13:22:25', '2021-01-11 13:22:25'),
(4, 'Geo Technical Equipment', 1, NULL, '2021-01-11 13:22:44', '2021-01-13 11:05:27'),
(5, 'Weather Monitoring System', 1, NULL, '2021-01-11 13:23:06', '2021-01-11 13:23:06'),
(6, 'Water Testing Kit', 1, NULL, '2021-01-11 13:23:20', '2021-01-11 13:23:20'),
(7, 'Soil Testing Meter', 1, NULL, '2021-01-18 12:49:58', '2021-01-18 13:21:35'),
(8, 'Food Quality Meter', 1, NULL, '2021-01-18 13:09:37', '2021-01-18 13:09:42'),
(9, 'Soil Testing Meter', 1, NULL, '2021-01-18 13:09:54', '2021-01-18 13:09:54'),
(10, 'Fabric Strength Tester', 1, NULL, '2021-01-18 13:10:19', '2021-01-18 13:10:19'),
(11, 'Biological Equipment', 1, NULL, '2021-01-18 13:11:01', '2021-01-18 13:11:01'),
(12, 'Tracking System', 1, NULL, '2021-01-18 13:11:19', '2021-01-18 13:11:19'),
(13, 'Hydrological Equipment', 1, NULL, '2021-01-18 13:11:48', '2021-01-18 13:11:48'),
(14, 'Metal Detector', 1, NULL, '2021-01-18 13:12:00', '2021-01-18 13:12:00'),
(15, 'Other', 1, NULL, '2021-01-18 13:19:51', '2021-01-18 13:19:51'),
(16, 'Weighing Scale', 1, NULL, '2021-01-18 14:12:56', '2021-01-18 14:12:56');

-- --------------------------------------------------------

--
-- Table structure for table `customers`
--

CREATE TABLE `customers` (
  `id` bigint(20) UNSIGNED NOT NULL,
  `name` varchar(50) COLLATE utf8mb4_unicode_ci NOT NULL,
  `email` varchar(50) COLLATE utf8mb4_unicode_ci NOT NULL,
  `phone` varchar(50) COLLATE utf8mb4_unicode_ci NOT NULL,
  `address` varchar(50) COLLATE utf8mb4_unicode_ci NOT NULL,
  `status` tinyint(1) NOT NULL DEFAULT 0,
  `deleted_at` timestamp NULL DEFAULT NULL,
  `created_at` timestamp NULL DEFAULT NULL,
  `updated_at` timestamp NULL DEFAULT NULL
) ENGINE=InnoDB DEFAULT CHARSET=utf8mb4 COLLATE=utf8mb4_unicode_ci;

--
-- Dumping data for table `customers`
--

INSERT INTO `customers` (`id`, `name`, `email`, `phone`, `address`, `status`, `deleted_at`, `created_at`, `updated_at`) VALUES
(1, 'Confidence Scientific Co. Ltd', 'abc@gmail.com', '02-7167113', 'Delwar Complex, 26 Hatkhola, Dhaka', 1, NULL, '2021-01-07 13:56:47', '2021-01-07 13:56:47'),
(2, 'Senior Upazila Fisheries Officer', 'a@cd.com', '12312312', 'Lalmonirhat Sadar, Lalmonirhat', 1, NULL, '2021-01-07 13:57:31', '2021-01-07 13:57:31'),
(3, 'Lab Asia Science & Technology', 'labasia2020@gmail.com', '01885702014', 'Hatkhola,Dhaka', 1, NULL, '2021-01-11 15:39:27', '2021-01-11 15:39:27'),
(4, 'Unity Lab Solution Bd. Ltd.', 'as@mail.com', '01977525355', 'Hatkhola,Dhaka', 1, NULL, '2021-01-11 15:40:15', '2021-01-11 15:40:15'),
(5, 'Md. Shaki', 'f@mail.com', '01911818588', 'Khulna Sadar, Khulna', 1, NULL, '2021-01-11 15:41:01', '2021-01-11 15:41:01'),
(6, 'ST International', 'b@mail.com', '011111', 'Hatkhola,Dhaka', 1, NULL, '2021-01-11 15:41:47', '2021-01-11 15:41:47'),
(7, 'Al Noor Scientific', 'ac@mail.com', '1231231', 'Hatkhola,Dhaka', 1, NULL, '2021-01-11 15:42:13', '2021-01-11 15:42:13'),
(8, 'Faridpur Jute Fibers Ltd., Dhaka', 'ab@gmail.com', '01740407040', 'Dhaka', 1, NULL, '2021-01-13 13:39:27', '2021-01-13 13:39:40'),
(9, 'K.M Scientific Stores', 'kmsmonir@gmail.com', '01817537074', '27, Shahid Nazrul Islam Sarak, Hatkhola, Dhaka', 1, NULL, '2021-01-14 11:18:48', '2021-01-14 11:18:48'),
(10, 'New Nikkon Scientific Center', 'nikkonscientific91@gmail.com', '01712722732', 'Hatkhola, Dhaka', 1, NULL, '2021-01-18 15:57:14', '2021-06-22 16:16:38'),
(11, 'Bright Scientific', 'brightscientific@gmail.com', '01714097902', 'Hatkhola Road,Dhaka', 1, NULL, '2021-01-21 17:13:46', '2021-01-24 11:18:24'),
(13, 'Shabnam Scientific Store', 'naharent10@gmail.com', '01711662310', '52/A Baghmara Road, Mymensingh-220', 1, NULL, '2021-01-23 11:03:56', '2021-01-23 11:03:56'),
(15, 'Mojumder Products Ltd.', 'majumderpriducts1000@gmail.com', '01755601334', 'Planners Tower, 13/1 Sonargaon Road', 1, NULL, '2021-01-23 11:18:22', '2021-01-23 11:18:22'),
(16, 'symbex', 'symbex_erb@dhaka.net', '01784383053', '92 Motijheel Commercial Area', 1, NULL, '2021-01-24 12:00:17', '2021-01-24 12:00:17'),
(17, 'Chemland BD', 'chemlandb@gmail.com', '01869823836', 'Paikpara,Mirpur-01', 1, NULL, '2021-01-24 13:31:09', '2021-01-24 13:31:09'),
(18, 'Mission Scientific Company', 'mscobd@yahoo.com', '01819200176', '33/3,Hatkhola Road, Dhaka', 1, NULL, '2021-01-25 11:41:57', '2021-01-25 11:41:57'),
(19, 'City Auto Rice & Dal Mill', 'goheen@citygroupbd.com', '+88 01679703769', 'Gandharbpur, Rupshi, Rupganj, Narayanganj', 1, NULL, '2021-01-27 14:07:28', '2021-01-27 14:07:28'),
(20, 'Mr. Kazi Many', 'zinnamostafi@gmal.com', '01713726618', 'Kazi Para, Naogaon', 1, NULL, '2021-01-27 17:20:50', '2021-01-27 17:20:50'),
(21, 'S T International', 'stinternational@2015gimal.com', '01715575665', 'Hatkhola Road,Dhaka', 0, NULL, '2021-01-28 12:08:22', '2021-01-28 12:08:22'),
(22, 'A-Rahaman Scientific', 'a-rahmanascientific2011@gmail.com', '01712535320', 'Hatkhola Road,Dhaka', 1, NULL, '2021-01-31 12:31:41', '2021-01-31 12:31:41'),
(23, 'Blue Bell Auto Rice Mill', 'gh@ty.cu', '01717323159', 'Dinajpur', 1, NULL, '2021-01-31 13:22:49', '2021-01-31 13:22:49'),
(24, 'Hero lab', 'hero@gmail.com', '01995363122', 'Hatkhola, Dhaka', 1, NULL, '2021-01-31 13:51:52', '2021-01-31 13:51:52'),
(25, 'Evergreen Scientific', 'evergreensci@gmail.com', '01716034488', 'Hatkhola Road,Dhaka', 1, NULL, '2021-02-09 17:50:55', '2021-02-09 17:50:55'),
(26, 'Kalam & Sons', 'kalam.sons@gmail.com', '01616005520', '26,Hatkhola Road, Dhaka', 1, NULL, '2021-02-15 16:40:16', '2021-02-15 16:40:16'),
(27, 'Md. Ragib Muzahid', 'ragibmuzahid@gimail.com', '01750396105', 'Thakurgaon', 0, NULL, '2021-02-16 16:38:40', '2021-02-16 16:38:40'),
(28, 'Nabolok Parishad', 'afmedmonir05408439@gmail.com', '01721292416', 'Khulna', 1, NULL, '2021-02-17 13:39:38', '2021-02-17 13:39:38'),
(29, 'Akter Hossen', 'akterhossen461@gmail.com', '01710834617', 'Bhairab, Kishorgang.', 0, NULL, '2021-02-18 16:33:27', '2021-02-18 16:33:27'),
(30, 'Frea Scientifice', 'sstradebusibess@gmail.com', '01824849338', 'Hatkhola Road,Dhaka', 1, NULL, '2021-02-23 13:38:15', '2021-02-23 13:38:15'),
(31, 'NGO Forum', 'faisaluddin.ngof@gmail.com', '01911756391', 'Saiman Pink Paul, Kalatali, Cox\'s Bazar', 1, NULL, '2021-02-23 15:42:34', '2021-02-23 15:42:34'),
(32, 'Ajoy Kumar', 'ajaykumar@gmail.com', '01740626938', 'Segunbagicha,Dhaka', 1, NULL, '2021-03-06 10:08:46', '2021-03-06 10:08:46'),
(33, 'Department of Jute', 'dgjute@gmail.com', '02-9561546', '99 Motijheel Commercial Area, Dhaka 1000', 1, NULL, '2021-03-18 10:03:38', '2021-03-18 10:03:38'),
(34, 'M/S Sonali Fosal', 'sonalifosal2018@gmail.com', '01716356751', 'Thakurgaon', 0, NULL, '2021-03-22 09:00:31', '2021-03-22 09:00:31'),
(35, 'Multech Scientifice', 'muitech00786@gmail.com', '01720467593', 'Hatkhola Road,Dhaka', 0, NULL, '2021-03-22 09:31:09', '2021-03-22 09:31:09'),
(36, 'Juboraj ,Smart Water', 'jubraj@gmail.com', '01716841191', 'Khulna', 1, NULL, '2021-03-23 16:43:20', '2021-03-23 16:43:20'),
(37, 'M/S, Nahar Enterprise', 'enterprise@gmail.com', '01711662310', '55/7 khristopur, Doulatmunsi Road,Mymensingh', 1, NULL, '2021-03-24 16:10:42', '2021-03-24 16:10:42'),
(38, 'Janata Jute Mills Ltd', 'janatajute@gmail.com', '01911231709', 'Gulshan-2, Dhaka.', 1, NULL, '2021-03-29 09:13:30', '2021-03-29 09:13:30'),
(39, 'Monir Engineering &Conostruction', 'akmshh@gmail.com', '01711260699', '61,Bijoynagor, Dhaka', 1, NULL, '2021-04-01 13:58:59', '2021-04-01 13:58:59'),
(40, 'Rotex International', 'rahimrotex@gmail.com', '01817522392', 'Hatkhola Road,Dhaka', 0, NULL, '2021-04-11 08:38:22', '2021-04-11 08:38:22'),
(41, 'PRAN-SCM', 'scm222@prangroup.com', '01704133776', 'N/A', 1, NULL, '2021-04-12 09:59:51', '2021-04-12 09:59:51'),
(42, 'Nowapara Jute Mills Ltd', 'abc@mail.com', '01763-152130', '153, Firoz Tower, Dhaka 1205', 1, NULL, '2021-04-12 10:35:16', '2021-04-12 10:35:16'),
(43, 'GerBan Fibres Ltd', 'info.nowapara@gmail.com', '01713049013', '89/2 West Panthapath Haque Chamber Dhaka 1215', 1, NULL, '2021-04-12 15:07:13', '2021-04-12 15:07:13'),
(44, 'Khan Agro Food, Ashugonj', 'abc@ymail.com', '01711306111', 'Ashugonj', 0, NULL, '2021-04-25 08:31:35', '2021-04-25 08:31:35'),
(45, 'Al-Burhan Enterprice', '228alburhan@gmail.com', '01711862204', '228,Nawabpur Road, Dhaka', 0, NULL, '2021-05-02 13:14:05', '2021-05-02 13:14:05'),
(46, 'SAJ Trading Corporation', 'sajb1954@gimal.com', '01715327844', '53,Motijheel C/A, Dhaka.', 0, NULL, '2021-05-03 11:51:17', '2021-05-03 11:51:17'),
(47, 'Arnica Scientific.', 'arnicascientific@gmail.com', '01818418026', 'Hatkhola Road,Dhaka', 1, NULL, '2021-05-04 12:24:48', '2021-05-04 12:24:48'),
(48, 'M/S, Sarkar Auto Rice Mills.', 'sarkar@gmail.com', '01717550735', 'Barib Bazar, BARIB.', 1, NULL, '2021-05-05 10:22:31', '2021-05-05 10:22:31'),
(49, 'MD.Samim,Brac Haed Office.', 'samim@gmail.com', '01847313406', '75, Mohakali,Dhaka.', 1, NULL, '2021-05-06 12:14:30', '2021-05-06 12:14:30'),
(50, 'Octopass Scientifice Co', 'octopassscientific1@yayoo.com', '01711934592', '33/2, Hatkhola Road,Dhaka', 0, NULL, '2021-05-08 14:42:41', '2021-05-08 14:42:41'),
(51, 'Rinku Renon Auto Rice Mills', 'remon1919@gmail.com', '01712066571', 'Uttara,dhaka', 1, NULL, '2021-05-19 12:07:05', '2021-05-19 12:07:05'),
(52, 'A.K.Bhuiyan & Co.', 'akbhuiyan@gmail.com', '01711355642', 'Hatkhola Road,Dhaka', 1, NULL, '2021-05-19 12:18:15', '2021-05-19 12:18:15'),
(53, 'M/S,Nababgonj Auto Rice Mills.', 'nababgonj@gmail.com', '01767327294', 'DINAJPUR', 1, NULL, '2021-05-19 13:02:57', '2021-05-19 13:02:57'),
(54, 'A G International', 'abcgazi@gmail.com', '01926656999', 'Hatkhola Road,Dhaka', 1, NULL, '2021-05-20 11:25:29', '2021-05-20 11:25:29'),
(55, 'Patowary Trade International', 'patowarytraed@gmail.com', '01915164933', 'Hatkhola Road,Dhaka', 0, NULL, '2021-05-23 10:51:24', '2021-05-23 10:51:24'),
(56, 'Ajmeri Golden Fiber', 'rana.us12010@gmail.com', '01721544712', 'Santhar,Adamdighi, Bogura', 1, NULL, '2021-05-23 14:00:07', '2021-05-23 14:00:07'),
(57, 'Anjali Atomatic Rice Mills(pvt)Ltd', 'anjali530@gamil.com', '01719828816', 'Dinajpur', 1, NULL, '2021-05-24 13:22:57', '2021-05-24 13:22:57'),
(58, 'Agromax International', 'agromax@gmail.com', '01729033772', 'kushtia', 1, NULL, '2021-05-25 12:35:26', '2021-05-25 12:35:26'),
(59, 'MD, Jaynal Abadin', 'abadin@gmail.com', '01712526256', 'Hatkhola Road,Dhaka', 1, NULL, '2021-05-27 13:40:22', '2021-05-27 13:40:22'),
(60, 'M/S,Sarkar Auto Drayar Rice Mills', 'autorice@gmail.com', '01788455555', 'Moymansing', 1, NULL, '2021-05-27 13:48:29', '2021-05-27 13:48:29'),
(61, 'Razzaque Jute Industries Ltd.01', 'info@razzaquejute.com', '01796662587', 'Uttara, Dhaka', 1, NULL, '2021-05-30 11:49:57', '2021-05-30 11:49:57'),
(62, 'Banga Millers Ltd., PRAN Group', 'coo.sal@prangroup.com', '01704140442', '105 Pran RFL Center, Progoti Sarani, Dhaka 1212', 1, NULL, '2021-05-30 13:11:11', '2021-05-30 13:11:11'),
(63, 'Karim Groups', 'procurekjsl@karimgroup.com', '01755522214', 'N/A', 1, NULL, '2021-06-02 09:31:25', '2021-06-02 09:31:25'),
(64, 'MD,Ekramul Haque', 'mdekrmul@gmail.com', '0113377794', 'Bogura', 1, NULL, '2021-06-02 14:51:19', '2021-06-02 14:51:19'),
(65, 'MD. Sirajul  Islam', 'sirajul@gmail.com', '01716353156', '224 ,South Jatrabari,Dhaka', 1, NULL, '2021-06-03 10:42:19', '2021-06-03 10:42:19'),
(68, 'Japan Scientifice', 'japanscientifice@gmail.com', '01670814556', 'Hatkhola Road,Dhaka', 1, NULL, '2021-06-06 13:04:01', '2021-06-06 13:04:01'),
(69, 'Rajuar Rahaman Raju', 'rahaman1212@gmail.com', '01716973666', 'Topkhna Road,Dhaka', 1, NULL, '2021-06-06 14:55:36', '2021-06-06 14:55:36'),
(70, 'Masud Seed Co', 'masudseed@yahoo.com', '01734047856', '174,Siddique Bazar,Dhaka-1000', 1, NULL, '2021-06-07 16:08:26', '2021-06-07 16:08:26'),
(71, 'Maa Auto Rice Mills.', 'maaautorice@gmail.com', '01717194226', 'Moymansing', 1, NULL, '2021-06-09 15:16:16', '2021-06-09 15:16:16'),
(72, 'District Controller Of Food', 'dcf.bbr@dgfood.gov.bd', '0851-58232', 'Bramanbaria', 1, NULL, '2021-06-12 11:22:16', '2021-06-12 11:22:16'),
(73, 'District Controller of Food', 'ashrf1980.m@gimal.com', '01716069675', 'Bogura', 1, NULL, '2021-06-12 17:52:35', '2021-06-12 17:52:35'),
(74, 'District Controller of Food', 'dcf.ngn@dgfood.gov.bd', '01712110889', 'Naogaon.', 1, NULL, '2021-06-14 13:24:22', '2021-06-14 13:24:22'),
(75, 'ABM Water Company', 'mosharrof_69@yahoo.com', '01552364907', 'Kakrial,Dhaka', 1, NULL, '2021-06-21 09:57:36', '2021-06-21 09:57:36'),
(76, 'Khawja Trade Link', 'khawja550@gmail.com', '0171166228', 'Topkhana Road,Dhaka', 1, NULL, '2021-06-22 16:14:08', '2021-06-22 16:14:08');

-- --------------------------------------------------------

--
-- Table structure for table `daily_expenditures`
--

CREATE TABLE `daily_expenditures` (
  `id` bigint(20) UNSIGNED NOT NULL,
  `expenditure_id` bigint(20) UNSIGNED NOT NULL,
  `amount` varchar(255) COLLATE utf8mb4_unicode_ci NOT NULL,
  `date` date NOT NULL,
  `reference` varchar(255) COLLATE utf8mb4_unicode_ci NOT NULL,
  `deleted_at` timestamp NULL DEFAULT NULL,
  `created_at` timestamp NULL DEFAULT NULL,
  `updated_at` timestamp NULL DEFAULT NULL
) ENGINE=InnoDB DEFAULT CHARSET=utf8mb4 COLLATE=utf8mb4_unicode_ci;

--
-- Dumping data for table `daily_expenditures`
--

INSERT INTO `daily_expenditures` (`id`, `expenditure_id`, `amount`, `date`, `reference`, `deleted_at`, `created_at`, `updated_at`) VALUES
(1, 1, '8000', '2021-07-17', 'Rent', NULL, '2021-07-14 22:47:35', '2021-07-15 00:03:57'),
(2, 2, '24000', '2021-07-01', 'Rent', NULL, '2021-07-14 22:47:54', '2021-07-14 22:47:54'),
(3, 11, '10000', '2021-07-15', 'Insurance', '2021-07-14 23:48:14', '2021-07-14 22:48:09', '2021-07-14 23:48:14'),
(4, 1, '10000', '2021-06-01', 'Rent', NULL, '2021-07-15 02:10:19', '2021-07-15 02:10:19'),
(5, 6, '10000', '2020-06-11', 'Rent', NULL, '2021-07-15 02:11:14', '2021-07-15 02:11:14'),
(6, 1, '10000', '2020-07-08', 'Rent', NULL, '2021-07-15 02:11:34', '2021-07-15 02:11:34'),
(7, 21, '5000', '2021-07-16', 'deposit', NULL, '2021-07-16 01:03:44', '2021-07-16 01:03:44'),
(8, 9, '5000', '2021-07-01', 'asasd', NULL, '2021-07-16 08:07:59', '2021-07-16 08:07:59'),
(9, 9, '10000', '2021-07-14', 'devcraze', NULL, '2021-07-16 08:08:12', '2021-07-16 08:08:12'),
(10, 13, '20000', '2021-07-16', 'devcraze', NULL, '2021-07-16 22:53:26', '2021-07-16 22:53:26'),
(11, 9, '10000', '2021-07-16', 'devcraze', NULL, '2021-07-16 23:05:15', '2021-07-16 23:05:15');

-- --------------------------------------------------------

--
-- Table structure for table `departments`
--

CREATE TABLE `departments` (
  `id` bigint(20) UNSIGNED NOT NULL,
  `department` varchar(255) COLLATE utf8mb4_unicode_ci NOT NULL,
  `status` int(11) NOT NULL,
  `deleted_at` timestamp NULL DEFAULT NULL,
  `created_at` timestamp NULL DEFAULT NULL,
  `updated_at` timestamp NULL DEFAULT NULL
) ENGINE=InnoDB DEFAULT CHARSET=utf8mb4 COLLATE=utf8mb4_unicode_ci;

--
-- Dumping data for table `departments`
--

INSERT INTO `departments` (`id`, `department`, `status`, `deleted_at`, `created_at`, `updated_at`) VALUES
(1, 'Test', 1, NULL, '2021-10-27 23:48:36', '2021-10-27 23:48:36'),
(3, 'Test2', 1, NULL, '2021-10-28 00:21:31', '2021-10-28 00:21:31');

-- --------------------------------------------------------

--
-- Table structure for table `designations`
--

CREATE TABLE `designations` (
  `id` bigint(20) UNSIGNED NOT NULL,
  `designation` varchar(255) COLLATE utf8mb4_unicode_ci NOT NULL,
  `base_salary` varchar(255) COLLATE utf8mb4_unicode_ci NOT NULL,
  `home_incentive` varchar(255) COLLATE utf8mb4_unicode_ci NOT NULL,
  `medical_incentive` varchar(255) COLLATE utf8mb4_unicode_ci NOT NULL,
  `car_incentive` varchar(255) COLLATE utf8mb4_unicode_ci NOT NULL,
  `education_incentive` varchar(255) COLLATE utf8mb4_unicode_ci NOT NULL,
  `status` int(11) NOT NULL DEFAULT 1,
  `deleted_at` timestamp NULL DEFAULT NULL,
  `created_at` timestamp NULL DEFAULT NULL,
  `updated_at` timestamp NULL DEFAULT NULL,
  `dept_id` bigint(20) UNSIGNED NOT NULL
) ENGINE=InnoDB DEFAULT CHARSET=utf8mb4 COLLATE=utf8mb4_unicode_ci;

--
-- Dumping data for table `designations`
--

INSERT INTO `designations` (`id`, `designation`, `base_salary`, `home_incentive`, `medical_incentive`, `car_incentive`, `education_incentive`, `status`, `deleted_at`, `created_at`, `updated_at`, `dept_id`) VALUES
(1, 'asd', '10000', '5000', '5000', '5000', '5000', 1, NULL, '2021-10-28 00:25:10', '2021-11-10 01:01:38', 3),
(2, 'ads', '5000', '568', '234', '2355', '3456', 1, NULL, '2021-10-28 00:25:10', '2021-10-28 00:25:10', 3);

-- --------------------------------------------------------

--
-- Table structure for table `education_employee`
--

CREATE TABLE `education_employee` (
  `employee_id` bigint(20) UNSIGNED NOT NULL,
  `exam_name` varchar(255) COLLATE utf8mb4_unicode_ci NOT NULL,
  `division` varchar(255) COLLATE utf8mb4_unicode_ci NOT NULL,
  `institute` varchar(255) COLLATE utf8mb4_unicode_ci NOT NULL,
  `passing_year` varchar(255) COLLATE utf8mb4_unicode_ci NOT NULL,
  `cgpa` varchar(255) COLLATE utf8mb4_unicode_ci NOT NULL,
  `id` bigint(20) UNSIGNED NOT NULL,
  `updated_at` timestamp NULL DEFAULT NULL,
  `deleted_at` timestamp NULL DEFAULT NULL,
  `created_at` timestamp NULL DEFAULT NULL
) ENGINE=InnoDB DEFAULT CHARSET=utf8mb4 COLLATE=utf8mb4_unicode_ci;

--
-- Dumping data for table `education_employee`
--

INSERT INTO `education_employee` (`employee_id`, `exam_name`, `division`, `institute`, `passing_year`, `cgpa`, `id`, `updated_at`, `deleted_at`, `created_at`) VALUES
(15, 'sdf', 'sdf', 'sdf', '123', '123', 1, '2021-11-11 01:19:45', NULL, '2021-11-11 01:19:45'),
(16, 'dsf', 'sdf', 'sdf', '34', '234', 2, '2021-11-11 01:23:14', NULL, '2021-11-11 01:23:14'),
(17, 'dsf', 'sdf', 'sdf', '34', '234', 3, '2021-11-11 01:24:04', NULL, '2021-11-11 01:24:04');

-- --------------------------------------------------------

--
-- Table structure for table `employees`
--

CREATE TABLE `employees` (
  `id` bigint(20) UNSIGNED NOT NULL,
  `rfid` varchar(255) COLLATE utf8mb4_unicode_ci NOT NULL,
  `first_name` varchar(255) COLLATE utf8mb4_unicode_ci NOT NULL,
  `last_name` varchar(255) COLLATE utf8mb4_unicode_ci NOT NULL,
  `nationality` varchar(255) COLLATE utf8mb4_unicode_ci NOT NULL,
  `voter_id` varchar(255) COLLATE utf8mb4_unicode_ci NOT NULL,
  `email` varchar(255) COLLATE utf8mb4_unicode_ci NOT NULL,
  `phone` varchar(255) COLLATE utf8mb4_unicode_ci NOT NULL,
  `religion` varchar(255) COLLATE utf8mb4_unicode_ci NOT NULL,
  `gender` varchar(255) COLLATE utf8mb4_unicode_ci NOT NULL,
  `dob` date NOT NULL,
  `present_address` longtext COLLATE utf8mb4_unicode_ci NOT NULL,
  `permanent_address` longtext COLLATE utf8mb4_unicode_ci NOT NULL,
  `father_name` varchar(255) COLLATE utf8mb4_unicode_ci NOT NULL,
  `father_phone` varchar(255) COLLATE utf8mb4_unicode_ci NOT NULL,
  `mother_name` varchar(255) COLLATE utf8mb4_unicode_ci NOT NULL,
  `mother_phone` varchar(255) COLLATE utf8mb4_unicode_ci NOT NULL,
  `designation_id` bigint(20) UNSIGNED NOT NULL,
  `image` varchar(255) COLLATE utf8mb4_unicode_ci NOT NULL DEFAULT 'default.png',
  `documents` varchar(255) COLLATE utf8mb4_unicode_ci NOT NULL DEFAULT 'default.pdf',
  `status` int(11) NOT NULL,
  `joining_date` date NOT NULL,
  `deleted_at` timestamp NULL DEFAULT NULL,
  `created_at` timestamp NULL DEFAULT NULL,
  `updated_at` timestamp NULL DEFAULT NULL,
  `father_profession` varchar(255) COLLATE utf8mb4_unicode_ci NOT NULL,
  `mother_profession` varchar(255) COLLATE utf8mb4_unicode_ci NOT NULL
) ENGINE=InnoDB DEFAULT CHARSET=utf8mb4 COLLATE=utf8mb4_unicode_ci;

--
-- Dumping data for table `employees`
--

INSERT INTO `employees` (`id`, `rfid`, `first_name`, `last_name`, `nationality`, `voter_id`, `email`, `phone`, `religion`, `gender`, `dob`, `present_address`, `permanent_address`, `father_name`, `father_phone`, `mother_name`, `mother_phone`, `designation_id`, `image`, `documents`, `status`, `joining_date`, `deleted_at`, `created_at`, `updated_at`, `father_profession`, `mother_profession`) VALUES
(1, '123123', 'gh', 'hh', 'g', '55', 'ff@rt.mi', 'asdasd', 'Buddihist', 'asd', '2021-11-03', 'asd', 'asd', 'asd', 'asd', 'asd', 'asd', 1, '182.png', '523.pdf', 1, '2021-11-24', NULL, '2021-11-11 00:19:26', '2021-11-11 00:19:26', '', ''),
(4, '456', 'cvb', 'cvb', 'cvb', 'cvb', 'cvb@rt.vu', '123123', 'asd', 'asd', '2021-10-31', 'sdfsdf', 'sdfsdf', 'sdf', '123', 'sdf', '123', 2, '228.png', '979.PDF', 1, '2021-11-09', NULL, '2021-11-11 00:33:42', '2021-11-11 00:33:42', '', ''),
(6, '234', 'asd', 'asd', 'asd', '123', 'a@df.vu', '4234', 'sdf', 'male', '2021-10-31', 'sdf', 'sdf', 'sdf', '24', 'dfs', '234', 1, '237.jpg', '849.pdf', 1, '2021-11-12', NULL, '2021-11-11 00:50:32', '2021-11-11 00:50:32', '', ''),
(7, '4658', 'xvc', 'xcv', 'xcv', '367', 'z@t.nu', '123', 'zxczcx', 'czxc', '2020-12-29', 'saasd', 'asdasd', 'ads', '123', 'asd', '123', 1, '647.jpg', '990.pdf', 1, '2021-11-11', NULL, '2021-11-11 00:53:25', '2021-11-11 00:53:25', '', ''),
(10, '896', 'xvc', 'xcv', 'xcv', '367', 'z@t.nuu', '123', 'zxczcx', 'czxc', '2021-10-31', 'saasd', 'asdasd', 'ads', '123', 'asd', '123', 1, '814.jpg', '274.pdf', 1, '2021-11-11', NULL, '2021-11-11 00:54:58', '2021-11-11 00:54:58', '', ''),
(11, '8562', 'yui', 'er', 'ax', '24', 'a@rt.po', '2323', 'Buddihist', 'asd', '2021-10-31', 'dsdfsdf', 'sdfsdf', 'sdf', '123', 'sdf', '3232', 1, '942.jpg', '556.pdf', 1, '2021-11-13', NULL, '2021-11-11 01:15:04', '2021-11-11 01:15:04', '', ''),
(12, '85624', 'yui', 'er', 'ax', '24', 'a@rt.poi', '2323', 'Buddihist', 'asd', '2021-10-31', 'dsdfsdf', 'sdfsdf', 'sdf', '123', 'sdf', '3232', 1, '474.jpg', '872.pdf', 1, '2021-11-13', NULL, '2021-11-11 01:16:02', '2021-11-11 01:16:02', '', ''),
(14, '2132', 'bn', 'bn', 'bn', '56', 'bn@rt.io', '324234', 'sd', 'sdf', '2021-10-31', 'asd', 'asd', 'ads', '123', 'asd', '123', 1, '652.jpg', '950.torrent', 1, '2021-11-20', NULL, '2021-11-11 01:18:17', '2021-11-11 01:18:17', '', ''),
(15, '21324', 'bn', 'bn', 'bn', '56', 'bn@rt.iofr', '324234', 'sd', 'sdf', '2021-10-31', 'asd', 'asd', 'ads', '123', 'asd', '123', 2, '234.jpg', '982.torrent', 1, '2021-11-20', NULL, '2021-11-11 01:19:45', '2021-11-11 01:19:45', '', ''),
(16, '9090', 'zz', 'zz', 'zz', '23', 'zz@rt.op', '123123', '123123', 'czc', '2021-10-31', 'sdf', 'sdfsdf', 'sdf', '23423', 'sdf', '234', 1, '916.jpg', '611.pdf', 1, '2021-11-13', NULL, '2021-11-11 01:23:13', '2021-11-11 01:23:13', '', ''),
(17, '90900', 'zz', 'zz', 'zz', '23', 'zz@rt.opr', '123123', '123123', 'czc', '2021-10-31', 'sdf', 'sdfsdf', 'sdf', '23423', 'sdf', '234', 2, '587.jpg', '596.pdf', 1, '2021-11-13', NULL, '2021-11-11 01:24:04', '2021-11-11 01:24:04', '', '');

-- --------------------------------------------------------

--
-- Table structure for table `expenditure_lists`
--

CREATE TABLE `expenditure_lists` (
  `id` bigint(20) UNSIGNED NOT NULL,
  `expenditure` varchar(255) COLLATE utf8mb4_unicode_ci NOT NULL,
  `deleted_at` timestamp NULL DEFAULT NULL,
  `created_at` timestamp NULL DEFAULT NULL,
  `updated_at` timestamp NULL DEFAULT NULL
) ENGINE=InnoDB DEFAULT CHARSET=utf8mb4 COLLATE=utf8mb4_unicode_ci;

--
-- Dumping data for table `expenditure_lists`
--

INSERT INTO `expenditure_lists` (`id`, `expenditure`, `deleted_at`, `created_at`, `updated_at`) VALUES
(1, 'House Rent of 92 Motijheel', NULL, '2021-07-13 23:40:27', '2021-07-13 23:40:27'),
(2, 'House Rent of 92/1 Motijheel', NULL, '2021-07-13 23:40:38', '2021-07-13 23:40:38'),
(3, 'Service Charge of  92 Motijheel', NULL, '2021-07-13 23:41:09', '2021-07-13 23:41:09'),
(4, 'Service Charge of  92/1 Motijheel', NULL, '2021-07-13 23:41:22', '2021-07-13 23:41:22'),
(5, 'Electric Bill of 92 Motijheel', NULL, '2021-07-13 23:42:02', '2021-07-13 23:42:02'),
(6, 'Electric Bill of 92/1 Motijheel', NULL, '2021-07-13 23:42:11', '2021-07-13 23:42:11'),
(7, 'Water bill of 92 Motijheel', NULL, '2021-07-13 23:42:32', '2021-07-13 23:42:32'),
(8, 'Water Bill of 92/1 Motijheel', NULL, '2021-07-13 23:42:44', '2021-07-13 23:42:44'),
(9, 'Conveyence', NULL, '2021-07-13 23:43:04', '2021-07-13 23:43:04'),
(10, 'Office Entertainment', NULL, '2021-07-13 23:43:20', '2021-07-13 23:43:28'),
(11, 'Insurance Charge', NULL, '2021-07-13 23:43:42', '2021-07-13 23:43:42'),
(12, 'Car Repairing', NULL, '2021-07-13 23:43:53', '2021-07-13 23:44:02'),
(13, 'ATV', NULL, '2021-07-13 23:53:02', '2021-07-13 23:53:02'),
(14, 'AIT', NULL, '2021-07-13 23:53:08', '2021-07-13 23:53:08'),
(15, 'Trade License Fee', NULL, '2021-07-13 23:53:27', '2021-07-13 23:53:27'),
(16, 'IRC Fee', NULL, '2021-07-13 23:53:35', '2021-07-13 23:53:35'),
(17, 'Loan', NULL, '2021-07-13 23:53:46', '2021-07-13 23:53:46'),
(18, 'Custom Duty', '2021-07-14 00:12:37', '2021-07-13 23:53:54', '2021-07-14 00:12:37'),
(19, 'Custom Duty', NULL, '2021-07-14 00:12:46', '2021-07-14 00:12:46'),
(20, 'blah blah', NULL, '2021-07-14 00:15:44', '2021-07-14 00:15:44'),
(21, 'Bank Deposit', NULL, '2021-07-16 01:03:10', '2021-07-16 01:03:10');

-- --------------------------------------------------------

--
-- Table structure for table `failed_jobs`
--

CREATE TABLE `failed_jobs` (
  `id` bigint(20) UNSIGNED NOT NULL,
  `uuid` varchar(100) COLLATE utf8mb4_unicode_ci NOT NULL,
  `connection` text COLLATE utf8mb4_unicode_ci NOT NULL,
  `queue` text COLLATE utf8mb4_unicode_ci NOT NULL,
  `payload` longtext COLLATE utf8mb4_unicode_ci NOT NULL,
  `exception` longtext COLLATE utf8mb4_unicode_ci NOT NULL,
  `failed_at` timestamp NOT NULL DEFAULT current_timestamp()
) ENGINE=InnoDB DEFAULT CHARSET=utf8mb4 COLLATE=utf8mb4_unicode_ci;

-- --------------------------------------------------------

--
-- Table structure for table `files`
--

CREATE TABLE `files` (
  `id` bigint(20) UNSIGNED NOT NULL,
  `file` varchar(255) COLLATE utf8mb4_unicode_ci NOT NULL,
  `deleted_at` timestamp NULL DEFAULT NULL,
  `created_at` timestamp NULL DEFAULT NULL,
  `updated_at` timestamp NULL DEFAULT NULL
) ENGINE=InnoDB DEFAULT CHARSET=utf8mb4 COLLATE=utf8mb4_unicode_ci;

--
-- Dumping data for table `files`
--

INSERT INTO `files` (`id`, `file`, `deleted_at`, `created_at`, `updated_at`) VALUES
(1, '2021-04-01(March).pdf', NULL, '2021-04-01 10:26:09', '2021-04-01 10:26:09'),
(2, '2021-06-01(May).pdf', NULL, '2021-06-01 11:29:52', '2021-06-01 11:29:52'),
(3, '2021-07-01(June).pdf', NULL, '2021-06-30 22:44:29', '2021-06-30 22:44:29');

-- --------------------------------------------------------

--
-- Table structure for table `lc_details`
--

CREATE TABLE `lc_details` (
  `id` bigint(20) UNSIGNED NOT NULL,
  `date` date NOT NULL,
  `brand_id` bigint(20) UNSIGNED NOT NULL,
  `commodities` varchar(255) COLLATE utf8mb4_unicode_ci NOT NULL,
  `payment_type` varchar(255) COLLATE utf8mb4_unicode_ci NOT NULL,
  `amount` varchar(255) COLLATE utf8mb4_unicode_ci NOT NULL,
  `currency_type` varchar(255) COLLATE utf8mb4_unicode_ci DEFAULT NULL,
  `conv_rate` varchar(255) COLLATE utf8mb4_unicode_ci DEFAULT NULL,
  `total_amount_bdt` varchar(255) COLLATE utf8mb4_unicode_ci DEFAULT NULL,
  `margin` varchar(255) COLLATE utf8mb4_unicode_ci NOT NULL,
  `ltr_amount` varchar(255) COLLATE utf8mb4_unicode_ci NOT NULL,
  `payment_remaining` varchar(255) COLLATE utf8mb4_unicode_ci NOT NULL,
  `last_payment` varchar(255) COLLATE utf8mb4_unicode_ci DEFAULT NULL,
  `invoice` varchar(255) COLLATE utf8mb4_unicode_ci NOT NULL DEFAULT 'default.pdf',
  `lc_document` varchar(255) COLLATE utf8mb4_unicode_ci NOT NULL DEFAULT 'default.pdf',
  `boe` varchar(255) COLLATE utf8mb4_unicode_ci NOT NULL DEFAULT 'default.pdf',
  `bank_statement` varchar(255) COLLATE utf8mb4_unicode_ci NOT NULL DEFAULT 'default.pdf',
  `ltr_status` varchar(255) COLLATE utf8mb4_unicode_ci DEFAULT NULL,
  `deleted_at` timestamp NULL DEFAULT NULL,
  `created_at` timestamp NULL DEFAULT NULL,
  `updated_at` timestamp NULL DEFAULT NULL
) ENGINE=InnoDB DEFAULT CHARSET=utf8mb4 COLLATE=utf8mb4_unicode_ci;

--
-- Dumping data for table `lc_details`
--

INSERT INTO `lc_details` (`id`, `date`, `brand_id`, `commodities`, `payment_type`, `amount`, `currency_type`, `conv_rate`, `total_amount_bdt`, `margin`, `ltr_amount`, `payment_remaining`, `last_payment`, `invoice`, `lc_document`, `boe`, `bank_statement`, `ltr_status`, `deleted_at`, `created_at`, `updated_at`) VALUES
(12, '2021-07-29', 1, 'Water testing kit', 'tt', '15000', 'USD', '85.40', '1281000.00', '854000.00', '0.00', '0.00', NULL, '865.pdf', '546.pdf', '535.pdf', '962.pdf', 'No nedd for adjust', NULL, '2021-06-28 00:14:16', '2021-06-29 23:38:35'),
(15, '2021-07-29', 1, 'Water testing kit', 'tt', '10000', 'USD', '85.40', '854000.00', '854000.00', '0.00', '0.00', NULL, '865.pdf', '546.pdf', '535.pdf', '962.pdf', 'No nedd for adjust', NULL, '2021-06-28 22:37:37', '2021-06-29 23:28:40'),
(16, '2021-06-29', 1, 'Water testing kit', 'tt', '233333', 'USD', '85.40', '19926638.20', '854000.00', '0.00', '0.00', NULL, '865.pdf', '546.pdf', '535.pdf', '962.pdf', 'No nedd for adjust', NULL, '2021-06-28 22:38:14', '2021-06-29 23:28:44');

-- --------------------------------------------------------

--
-- Table structure for table `ltr_payments`
--

CREATE TABLE `ltr_payments` (
  `id` bigint(20) UNSIGNED NOT NULL,
  `lc_id` bigint(20) UNSIGNED NOT NULL,
  `payment_date` date NOT NULL,
  `payment_amount` varchar(255) COLLATE utf8mb4_unicode_ci NOT NULL,
  `payment_remaining` varchar(255) COLLATE utf8mb4_unicode_ci NOT NULL,
  `bank_statement_ap` varchar(255) COLLATE utf8mb4_unicode_ci NOT NULL DEFAULT 'default.pdf',
  `deleted_at` timestamp NULL DEFAULT NULL,
  `created_at` timestamp NULL DEFAULT NULL,
  `updated_at` timestamp NULL DEFAULT NULL
) ENGINE=InnoDB DEFAULT CHARSET=utf8mb4 COLLATE=utf8mb4_unicode_ci;

-- --------------------------------------------------------

--
-- Table structure for table `migrations`
--

CREATE TABLE `migrations` (
  `id` int(10) UNSIGNED NOT NULL,
  `migration` varchar(255) COLLATE utf8mb4_unicode_ci NOT NULL,
  `batch` int(11) NOT NULL
) ENGINE=InnoDB DEFAULT CHARSET=utf8mb4 COLLATE=utf8mb4_unicode_ci;

--
-- Dumping data for table `migrations`
--

INSERT INTO `migrations` (`id`, `migration`, `batch`) VALUES
(92, '2014_10_12_000000_create_users_table', 1),
(93, '2014_10_12_100000_create_password_resets_table', 1),
(94, '2014_10_12_200000_add_two_factor_columns_to_users_table', 1),
(95, '2019_08_19_000000_create_failed_jobs_table', 1),
(96, '2020_06_16_051647_create_brands_table', 1),
(97, '2020_06_16_051715_create_categories_table', 1),
(98, '2020_06_16_052112_create_products_table', 1),
(99, '2020_06_19_052912_create_customers_table', 1),
(100, '2020_06_21_050505_create_sales_table', 1),
(101, '2020_07_29_055353_create_product_sale_table', 1),
(102, '2020_08_07_104353_create_quotations_table', 1),
(103, '2020_08_07_105119_create_product_quotation_table', 1),
(104, '2020_12_22_083058_create_permission_tables', 1),
(105, '2021_01_04_051646_create_files_table', 1),
(106, '2021_01_05_073402_create_add_stocks_table', 1),
(108, '2021_06_24_120437_create_lc_details_table', 2),
(110, '2021_06_27_042659_create_ltr_payments_table', 3),
(115, '2021_07_11_043601_create_departments_table', 4),
(116, '2021_07_11_044516_create_employees_table', 4),
(117, '2021_07_11_045135_create_education_employee_table', 4),
(118, '2021_07_14_052012_create_expenditure_lists_table', 4),
(119, '2021_07_14_052152_create_daily_expenditures_table', 4),
(120, '2021_10_27_064130_create_designations_table', 5),
(121, '2021_10_28_053449_add_dept_id_to_designations_table', 6),
(122, '2021_11_10_081246_add_role_id_to_employees_table', 7),
(123, '2021_11_10_092700_add_father_profession_to_employees_table', 7),
(124, '2021_11_11_070742_add_id_to_education_employee_table', 8),
(125, '2021_12_19_053442_create_tenders_table', 9),
(126, '2021_12_19_054132_create_bank_gurantees_table', 9),
(127, '2021_12_19_054608_create_performance_gurantees_table', 9);

-- --------------------------------------------------------

--
-- Table structure for table `model_has_permissions`
--

CREATE TABLE `model_has_permissions` (
  `permission_id` bigint(20) UNSIGNED NOT NULL,
  `model_type` varchar(100) COLLATE utf8mb4_unicode_ci NOT NULL,
  `model_id` bigint(20) UNSIGNED NOT NULL
) ENGINE=InnoDB DEFAULT CHARSET=utf8mb4 COLLATE=utf8mb4_unicode_ci;

-- --------------------------------------------------------

--
-- Table structure for table `model_has_roles`
--

CREATE TABLE `model_has_roles` (
  `role_id` bigint(20) UNSIGNED NOT NULL,
  `model_type` varchar(100) COLLATE utf8mb4_unicode_ci NOT NULL,
  `model_id` bigint(20) UNSIGNED NOT NULL
) ENGINE=InnoDB DEFAULT CHARSET=utf8mb4 COLLATE=utf8mb4_unicode_ci;

--
-- Dumping data for table `model_has_roles`
--

INSERT INTO `model_has_roles` (`role_id`, `model_type`, `model_id`) VALUES
(1, 'App\\Models\\User', 1),
(1, 'App\\Models\\User', 2),
(2, 'App\\Models\\User', 3),
(2, 'App\\Models\\User', 4),
(2, 'App\\Models\\User', 5),
(2, 'App\\Models\\User', 6),
(2, 'App\\Models\\User', 7),
(2, 'App\\Models\\User', 8),
(2, 'App\\Models\\User', 9),
(2, 'App\\Models\\User', 10),
(2, 'App\\Models\\User', 13),
(3, 'App\\Models\\User', 11),
(3, 'App\\Models\\User', 12);

-- --------------------------------------------------------

--
-- Table structure for table `password_resets`
--

CREATE TABLE `password_resets` (
  `email` varchar(255) COLLATE utf8mb4_unicode_ci NOT NULL,
  `token` varchar(255) COLLATE utf8mb4_unicode_ci NOT NULL,
  `created_at` timestamp NULL DEFAULT NULL
) ENGINE=InnoDB DEFAULT CHARSET=utf8mb4 COLLATE=utf8mb4_unicode_ci;

-- --------------------------------------------------------

--
-- Table structure for table `performance_gurantees`
--

CREATE TABLE `performance_gurantees` (
  `id` bigint(20) UNSIGNED NOT NULL,
  `tender_id` bigint(20) UNSIGNED NOT NULL,
  `pg_date` date NOT NULL,
  `pg_no` varchar(255) COLLATE utf8mb4_unicode_ci NOT NULL,
  `pg_amount` varchar(255) COLLATE utf8mb4_unicode_ci NOT NULL,
  `bank_info` varchar(255) COLLATE utf8mb4_unicode_ci NOT NULL,
  `validity` varchar(255) COLLATE utf8mb4_unicode_ci NOT NULL,
  `status` varchar(255) COLLATE utf8mb4_unicode_ci NOT NULL,
  `noa` varchar(255) COLLATE utf8mb4_unicode_ci NOT NULL,
  `pg` varchar(255) COLLATE utf8mb4_unicode_ci NOT NULL,
  `deleted_at` timestamp NULL DEFAULT NULL,
  `created_at` timestamp NULL DEFAULT NULL,
  `updated_at` timestamp NULL DEFAULT NULL
) ENGINE=InnoDB DEFAULT CHARSET=utf8mb4 COLLATE=utf8mb4_unicode_ci;

-- --------------------------------------------------------

--
-- Table structure for table `permissions`
--

CREATE TABLE `permissions` (
  `id` bigint(20) UNSIGNED NOT NULL,
  `name` varchar(255) COLLATE utf8mb4_unicode_ci NOT NULL,
  `guard_name` varchar(255) COLLATE utf8mb4_unicode_ci NOT NULL,
  `created_at` timestamp NULL DEFAULT NULL,
  `updated_at` timestamp NULL DEFAULT NULL
) ENGINE=InnoDB DEFAULT CHARSET=utf8mb4 COLLATE=utf8mb4_unicode_ci;

--
-- Dumping data for table `permissions`
--

INSERT INTO `permissions` (`id`, `name`, `guard_name`, `created_at`, `updated_at`) VALUES
(1, 'role-list', 'web', '2021-01-07 00:08:52', '2021-01-07 00:08:52'),
(2, 'role-create', 'web', '2021-01-07 00:08:52', '2021-01-07 00:08:52'),
(3, 'role-edit', 'web', '2021-01-07 00:08:52', '2021-01-07 00:08:52'),
(4, 'role-delete', 'web', '2021-01-07 00:08:52', '2021-01-07 00:08:52'),
(5, 'product-list', 'web', '2021-01-07 00:08:52', '2021-01-07 00:08:52'),
(6, 'product-create', 'web', '2021-01-07 00:08:52', '2021-01-07 00:08:52'),
(7, 'product-edit', 'web', '2021-01-07 00:08:52', '2021-01-07 00:08:52'),
(8, 'product-delete', 'web', '2021-01-07 00:08:52', '2021-01-07 00:08:52'),
(9, 'category-list', 'web', '2021-01-07 00:08:52', '2021-01-07 00:08:52'),
(10, 'category-create', 'web', '2021-01-07 00:08:52', '2021-01-07 00:08:52'),
(11, 'category-edit', 'web', '2021-01-07 00:08:52', '2021-01-07 00:08:52'),
(12, 'category-delete', 'web', '2021-01-07 00:08:52', '2021-01-07 00:08:52'),
(13, 'brand-list', 'web', '2021-01-07 00:08:52', '2021-01-07 00:08:52'),
(14, 'brand-create', 'web', '2021-01-07 00:08:52', '2021-01-07 00:08:52'),
(15, 'brand-edit', 'web', '2021-01-07 00:08:52', '2021-01-07 00:08:52'),
(16, 'brand-delete', 'web', '2021-01-07 00:08:52', '2021-01-07 00:08:52'),
(17, 'sale-list', 'web', '2021-01-07 00:08:52', '2021-01-07 00:08:52'),
(18, 'sale-create', 'web', '2021-01-07 00:08:52', '2021-01-07 00:08:52'),
(19, 'sale-edit', 'web', '2021-01-07 00:08:52', '2021-01-07 00:08:52'),
(20, 'sale-delete', 'web', '2021-01-07 00:08:52', '2021-01-07 00:08:52'),
(21, 'user-list', 'web', '2021-01-07 00:08:52', '2021-01-07 00:08:52'),
(22, 'user-create', 'web', '2021-01-07 00:08:52', '2021-01-07 00:08:52'),
(23, 'user-edit', 'web', '2021-01-07 00:08:52', '2021-01-07 00:08:52'),
(24, 'user-delete', 'web', '2021-01-07 00:08:52', '2021-01-07 00:08:52'),
(25, 'lc-list', 'web', '2021-06-24 13:31:36', '2021-06-24 13:31:41'),
(26, 'lc-create', 'web', '2021-06-24 13:32:01', '2021-06-24 13:32:05'),
(27, 'lc-edit', 'web', NULL, NULL),
(28, 'lc-delete', 'web', NULL, NULL);

-- --------------------------------------------------------

--
-- Table structure for table `products`
--

CREATE TABLE `products` (
  `id` bigint(20) UNSIGNED NOT NULL,
  `product` varchar(150) COLLATE utf8mb4_unicode_ci NOT NULL,
  `category_id` bigint(20) UNSIGNED NOT NULL,
  `brand_id` bigint(20) UNSIGNED NOT NULL,
  `image` varchar(100) COLLATE utf8mb4_unicode_ci NOT NULL DEFAULT 'default.png',
  `catalog` varchar(100) COLLATE utf8mb4_unicode_ci NOT NULL DEFAULT 'default.pdf',
  `qty` varchar(100) COLLATE utf8mb4_unicode_ci NOT NULL,
  `warranty` varchar(100) COLLATE utf8mb4_unicode_ci NOT NULL,
  `buying_price` varchar(100) COLLATE utf8mb4_unicode_ci NOT NULL,
  `selling_price` varchar(100) COLLATE utf8mb4_unicode_ci NOT NULL,
  `status` tinyint(1) NOT NULL DEFAULT 0,
  `deleted_at` timestamp NULL DEFAULT NULL,
  `created_at` timestamp NULL DEFAULT NULL,
  `updated_at` timestamp NULL DEFAULT NULL
) ENGINE=InnoDB DEFAULT CHARSET=utf8mb4 COLLATE=utf8mb4_unicode_ci;

--
-- Dumping data for table `products`
--

INSERT INTO `products` (`id`, `product`, `category_id`, `brand_id`, `image`, `catalog`, `qty`, `warranty`, `buying_price`, `selling_price`, `status`, `deleted_at`, `created_at`, `updated_at`) VALUES
(3, 'KETT Grain Moisture Meter FG-523', 2, 2, 'default.png', 'default.pdf', '3', '1 year', '0', '35000', 1, NULL, '2021-01-11 15:10:04', '2021-01-24 11:37:22'),
(4, 'KETT Grain Moisture Meter PM-450', 2, 2, 'default.png', 'default.pdf', '3', '1 year', '0', '35000', 1, NULL, '2021-01-11 15:17:09', '2021-01-11 15:17:09'),
(5, 'KETT Jute Moisture Meter Model HX400 including all standard accessories', 2, 2, 'default.png', 'default.pdf', '-13', '1 (One) year warranty for Main Meter only.  Accessories is out of Warranty.', '0', '165000', 1, NULL, '2021-01-11 15:18:06', '2021-06-11 12:07:02'),
(6, 'KETT Jute Moisture Meter Model HX-400  without Stamp Probe', 2, 2, 'default.png', 'default.pdf', '0', '1 (One) year warranty for main Meter only.  Accessories is out of warranty.', '0', '145000', 1, NULL, '2021-01-11 15:20:43', '2021-06-11 12:19:06'),
(7, 'KETT Grain Moisture Meter PM-650', 2, 2, 'default.png', 'default.pdf', '0', '1 year', '0', '160000', 1, NULL, '2021-01-11 15:23:49', '2021-01-11 15:23:49'),
(8, 'KETT Wheat & Rice Flour Moisture Meter PR-920', 2, 2, 'default.png', 'default.pdf', '5', '1 year', '0', '85000', 1, NULL, '2021-01-11 15:24:30', '2021-01-18 13:05:56'),
(9, 'EZDO 5011 pH Meter', 1, 1, 'default.png', 'default.pdf', '337', '6 months', '0', '2600', 1, NULL, '2021-01-11 15:26:06', '2021-01-18 14:28:42'),
(10, 'EZDO 5031 TDS Meter', 1, 1, 'default.png', 'default.pdf', '248', '6 months', '0', '2600', 1, NULL, '2021-01-11 15:26:51', '2021-01-24 14:01:50'),
(11, 'EZDO 5032 TDS Meter', 1, 1, 'default.png', 'default.pdf', '50', '6 months', '0', '2600', 1, NULL, '2021-01-11 15:27:39', '2021-01-18 14:29:22'),
(12, 'EZDO 6011 Water Proof PH Meter', 1, 1, 'default.png', 'default.pdf', '115', '6 months', '0', '3200', 1, NULL, '2021-01-11 15:28:29', '2021-01-11 15:28:29'),
(13, 'EZDO 6031 Water Proof TDS Meter', 1, 1, 'default.png', 'default.pdf', '36', '6 months', '0', '3200', 1, NULL, '2021-01-11 15:29:04', '2021-01-11 15:29:04'),
(14, 'EZDO 6032 Water Proof TDS Meter', 1, 1, 'default.png', 'default.pdf', '50', '6 months', '0', '3200', 1, NULL, '2021-01-11 15:29:52', '2021-01-11 15:29:52'),
(15, 'EZDO 5021 Non-Water Proof Conductivity Meter', 1, 1, 'default.png', 'default.pdf', '72', '6 months', '0', '2700', 1, NULL, '2021-01-11 15:31:03', '2021-01-11 15:31:03'),
(16, 'EZDO 5061 Non-Water Proof EC Meter', 1, 1, 'default.png', 'default.pdf', '30', '6 months', '0', '2700', 1, NULL, '2021-01-11 15:31:59', '2021-01-11 15:31:59'),
(17, 'EZDO 6061 Water Proof EC Meter', 1, 1, 'default.png', 'default.pdf', '18', '6 months', '0', '3400', 1, NULL, '2021-01-11 15:32:52', '2021-01-11 15:32:52'),
(18, 'EZDO 6041 Water Proof ORP Meter', 1, 1, 'default.png', 'default.pdf', '22', '6 months', '0', '4200', 1, NULL, '2021-01-11 15:34:03', '2021-01-11 15:34:03'),
(19, 'EZDO 7031 DO Meter', 1, 1, 'default.png', 'default.pdf', '40', '6 months', '0', '12500', 1, NULL, '2021-01-11 15:35:20', '2021-01-11 15:35:20'),
(20, 'EZDO DO Meter PDO-408', 1, 1, 'default.png', 'default.pdf', '4', '6 months', '0', '17500', 1, NULL, '2021-01-11 15:35:57', '2021-01-11 15:35:57'),
(21, 'EZDO 8200 Multiperameter', 1, 1, 'default.png', 'default.pdf', '21', '6 months', '0', '12500', 1, NULL, '2021-01-11 15:37:00', '2021-01-11 15:37:00'),
(22, 'EZDO Total Cholorine Meter 6743', 1, 1, 'default.png', 'default.pdf', '3', '6 months', '0', '13700', 1, NULL, '2021-01-11 15:38:12', '2021-01-11 15:38:12'),
(23, 'EZDO pH/ORP/Cond./TDS/Salt/Temp Meter PL-700PCS', 1, 1, 'default.png', 'default.pdf', '1', '6 months', '0', '38000', 1, NULL, '2021-01-18 12:53:58', '2021-01-18 12:53:58'),
(24, 'EZDO pH/ORP/DO/O2/Temp Meter PL-700PDS', 1, 1, 'default.png', 'default.pdf', '2', '6 months', '0', '42000', 1, NULL, '2021-01-18 12:55:00', '2021-01-18 12:55:00'),
(25, 'EZDO Turbidity Meter TUB-430', 1, 1, 'default.png', 'default.pdf', '4', '6 months', '0', '27000', 1, NULL, '2021-01-18 12:56:14', '2021-01-18 12:56:36'),
(26, 'EZDO 8200M Multiperameter', 1, 1, 'default.png', 'default.pdf', '0', '6 months', '0', '145000', 1, NULL, '2021-01-18 12:57:32', '2021-01-18 12:57:32'),
(27, 'AZ8371 Salinity Meter', 1, 5, 'default.png', 'default.pdf', '173', '6 months', '0', '3500', 1, NULL, '2021-01-18 12:58:43', '2021-01-18 12:58:43'),
(28, 'EZDO LUX Light Meter DL-204', 5, 1, 'default.png', 'default.pdf', '1', '6 months', '0', '7000', 1, NULL, '2021-01-18 13:00:31', '2021-01-18 13:00:31'),
(29, 'EZDO Solar Power Meter Model-SP216', 5, 1, 'default.png', 'default.pdf', '2', '6 months', '0', '9500', 1, NULL, '2021-01-18 13:01:18', '2021-01-18 13:01:18'),
(30, 'EZDO Temperature/Humidity Datalogger USB, Model DTR-305', 1, 1, 'default.png', 'default.pdf', '0', '6 months', '0', '9500', 1, NULL, '2021-01-18 13:02:14', '2021-01-18 13:02:14'),
(31, 'EZDO Sound Level Meter Model DS-102', 5, 1, 'default.png', 'default.pdf', '1', '6 months', '0', '8000', 1, NULL, '2021-01-18 13:02:55', '2021-01-18 13:02:55'),
(32, 'MIC Wood Moisture Meter Model-98703', 2, 8, 'default.png', 'default.pdf', '25', '6 months', '0', '4000', 1, NULL, '2021-01-18 13:04:39', '2021-01-18 13:04:39'),
(33, 'MIC Paper Moisture Meter Model-98715', 1, 8, 'default.png', 'default.pdf', '20', '6 months', '0', '4000', 1, NULL, '2021-01-18 13:05:17', '2021-01-18 13:05:17'),
(34, 'Milwaukee Digital Refractometer MA871', 8, 9, 'default.png', 'default.pdf', '9', '6 months', '0', '28000', 1, NULL, '2021-01-18 13:18:02', '2021-01-18 13:18:02'),
(35, 'STEP Refractometer', 8, 7, 'default.png', 'default.pdf', '4', '6 months', '0', '16000', 1, NULL, '2021-01-18 13:18:44', '2021-01-18 13:18:44'),
(36, 'STEP Refractometer(Honey)', 8, 7, 'default.png', 'default.pdf', '4', '6 months', '0', '18000', 1, NULL, '2021-01-18 13:19:18', '2021-01-18 13:19:18'),
(37, 'Tachometer AZ 8000/8001', 15, 5, 'default.png', 'default.pdf', '10', '6 months', '0', '4000', 1, NULL, '2021-01-18 13:20:32', '2021-01-18 13:20:32'),
(38, 'Milwaukee Digital Thermometer TH310', 7, 9, 'default.png', 'default.pdf', '8', '6 months', '0', '4400', 1, NULL, '2021-01-18 13:21:21', '2021-01-18 13:21:21'),
(39, 'STEP Tensiometer 60 cm', 9, 7, 'default.png', 'default.pdf', '3', '6 months', '0', '15000', 1, NULL, '2021-01-18 13:22:16', '2021-01-18 13:22:16'),
(40, 'STEP Tensiometer 100 cm', 7, 7, 'default.png', 'default.pdf', '4', '6 months', '0', '17000', 1, NULL, '2021-01-18 13:22:46', '2021-01-18 13:22:46'),
(41, 'Cometech Motor Twist, QC-309', 10, 10, 'default.png', 'default.pdf', '0', '1 year', '0', '280000', 1, NULL, '2021-01-18 13:23:51', '2021-01-18 13:23:51'),
(42, 'Cometech Manual Twist, QC-309A', 10, 10, 'default.png', 'default.pdf', '0', '1 year', '0', '150000', 1, NULL, '2021-01-18 13:24:36', '2021-01-18 13:24:36'),
(43, 'Rapitech/Luster Leaf Digital Soil pH Meter Model M024', 7, 11, 'default.png', 'default.pdf', '34', '6 months', '0', '1700', 1, NULL, '2021-01-18 13:25:54', '2021-01-18 13:25:54'),
(44, 'Rapitech/Luster Leaf Digital Soil Moisture Meter Model M023', 7, 11, 'default.png', 'default.pdf', '28', '6 months', '0', '1700', 1, NULL, '2021-01-18 13:26:32', '2021-01-18 13:26:32'),
(45, 'Rapitech/Luster Leaf Digital Soil Theromometer Model M025', 7, 11, 'default.png', 'default.pdf', '8', '6 months', '0', '1700', 1, NULL, '2021-01-18 13:27:31', '2021-01-18 13:27:31'),
(46, 'Rapitech/Luster Leaf Digital 3 Way Analyzer for pH,Fertitlity, Temp Model ME026', 9, 11, 'default.png', 'default.pdf', '3', '6 months', '0', '3200', 1, NULL, '2021-01-18 13:28:37', '2021-01-18 13:28:37'),
(47, 'Rapitech/Luster Leaf Analog 4 in 1 Sil Tester Model-ME004', 7, 11, 'default.png', 'default.pdf', '16', '6 months', '0', '1600', 1, NULL, '2021-01-18 13:29:59', '2021-01-18 13:29:59'),
(48, 'Seed Divider HGT-I/HGT-II/HGG-I/HGG-II', 15, 12, 'default.png', 'default.pdf', '9', '1 year', '0', '18000', 1, NULL, '2021-01-18 13:35:01', '2021-01-18 13:35:01'),
(49, 'Aquasol Ammonia Test Kit Model :AE-347', 6, 6, 'default.png', 'default.pdf', '134', 'N/A', '0', '3200', 1, NULL, '2021-01-18 13:37:18', '2021-01-18 13:37:18'),
(50, 'Aquasol Total Hardness Ket, Model:AE211', 6, 6, 'default.png', 'default.pdf', '0', 'N/A', '0', '1700', 1, NULL, '2021-01-18 13:38:07', '2021-01-18 13:38:07'),
(51, 'Aquasol Iron(Dissolved) Test Kit Model :AE-313', 6, 6, 'default.png', 'default.pdf', '3', 'N/A', '0', '2800', 1, NULL, '2021-01-18 13:38:50', '2021-01-18 13:38:50'),
(52, 'BInocular Biological Microscope Model:PB270', 11, 13, 'default.png', 'default.pdf', '0', '1 year', '0', '25500', 1, NULL, '2021-01-18 13:40:06', '2021-01-18 13:40:06'),
(53, 'Monocular Miological Microscope Model 131L', 11, 13, 'default.png', 'default.pdf', '5', '1 year', '0', '12000', 1, NULL, '2021-01-18 13:40:51', '2021-01-18 13:40:51'),
(54, 'Garmin GPSMAP 78', 12, 14, 'default.png', 'default.pdf', '2', '1 year', '0', '27000', 1, NULL, '2021-01-18 13:41:32', '2021-01-18 13:41:32'),
(55, 'Geovan Water Level Meter Model GV-2417 30 Meter', 3, 15, 'default.png', 'default.pdf', '4', '1 year', '0', '40000', 1, NULL, '2021-01-18 13:42:49', '2021-01-18 13:42:49'),
(56, 'Geovan Water Level Meter Model GV-2417 50 Meter', 3, 15, 'default.png', 'default.pdf', '2', '1 year', '0', '45000', 1, NULL, '2021-01-18 13:43:27', '2021-06-21 09:37:37'),
(57, 'Heron 64C Water Level Logger with 60 Meter Cable & PC Connection download Cable', 3, 3, 'default.png', 'default.pdf', '3', '1 year', '0', '155000', 1, NULL, '2021-01-18 13:44:22', '2021-06-23 14:36:40'),
(58, 'Uniqscan UB500 Walk Through Metal Detector', 14, 21, 'default.png', 'default.pdf', '2', '1 year', '0', '70000', 1, NULL, '2021-01-18 13:45:35', '2021-01-18 13:45:35'),
(59, 'Visa Hand Metal Detector', 14, 22, 'default.png', 'default.pdf', '18', '6 months', '0', '7500', 1, NULL, '2021-01-18 13:46:10', '2021-01-18 13:46:10'),
(60, 'Needle Probe for KETT Jute Moisture Meter HX-400', 15, 2, 'default.png', 'default.pdf', '9', 'N/A', '0', '35000', 1, NULL, '2021-01-18 13:48:57', '2021-01-18 13:48:57'),
(61, 'Needle 12 inch for KETT Jute Moisture Meter HX-400', 15, 2, 'default.png', 'default.pdf', '9', 'N/A', '0', '6500', 1, NULL, '2021-01-18 13:55:15', '2021-01-18 14:51:15'),
(62, 'Stamp Probe for KETT Jute Moisture Meter HX-400', 15, 2, 'default.png', 'default.pdf', '0', 'N/A', '0', '40000', 1, NULL, '2021-01-18 13:55:43', '2021-01-18 13:55:43'),
(63, 'Mother Board & Display Board for KETT Jute Moisture Meter HX-400', 15, 2, 'default.png', 'default.pdf', '17', '1 year', '0', '50000', 1, NULL, '2021-01-18 13:56:46', '2021-05-29 16:32:20'),
(64, 'Mother Board & Display Board for KETT Grain Moisture Meter f523/fg523', 15, 2, 'default.png', 'default.pdf', '7', '1 year', '0', '15000', 1, NULL, '2021-01-18 13:58:45', '2021-01-18 13:58:45'),
(65, 'Tubular Spring Balance', 15, 24, 'default.png', 'default.pdf', '270', 'N/A', '0', '400', 1, NULL, '2021-01-18 13:59:35', '2021-01-18 13:59:35'),
(66, 'Electrode for pH 5011', 15, 1, 'default.png', 'default.pdf', '7', 'N/A', '0', '900', 1, NULL, '2021-01-18 14:00:28', '2021-01-18 14:00:28'),
(67, 'PCB for pH 5011', 15, 24, 'default.png', 'default.pdf', '10', 'N/A', '0', '900', 1, NULL, '2021-01-18 14:01:08', '2021-01-18 14:01:08'),
(68, 'pH-7 Buffer Solution', 1, 1, 'default.png', 'default.pdf', '10', 'N/A', '0', '300', 1, NULL, '2021-01-18 14:01:51', '2021-01-18 14:01:51'),
(69, 'pH-4 Buffer Solution', 15, 24, 'default.png', 'default.pdf', '4', 'N/A', '0', '300', 1, NULL, '2021-01-18 14:02:17', '2021-01-18 14:02:17'),
(70, 'PCB for DO 7031', 15, 1, 'default.png', 'default.pdf', '105', 'N/A', '0', '5000', 1, NULL, '2021-01-18 14:03:43', '2021-01-18 14:03:43'),
(71, 'Probe for DO 7031', 15, 1, 'default.png', 'default.pdf', '26', 'N/A', '0', '5000', 1, NULL, '2021-01-18 14:06:48', '2021-01-18 14:06:48'),
(72, 'DO Solution', 15, 1, 'default.png', 'default.pdf', '17', 'N/A', '0', '500', 1, NULL, '2021-01-18 14:08:17', '2021-01-18 14:08:17'),
(73, 'DO Membrane', 15, 1, 'default.png', 'default.pdf', '18', 'N/A', '0', '600', 1, NULL, '2021-01-18 14:09:30', '2021-01-18 14:09:30'),
(74, 'TDS Buffer Solution', 15, 1, 'default.png', 'default.pdf', '0', 'N/A', '0', '300', 1, NULL, '2021-01-18 14:10:01', '2021-01-18 14:10:01'),
(75, 'TDS Buffer Solution', 15, 1, 'default.png', 'default.pdf', '0', 'N/A', '0', '300', 1, NULL, '2021-01-18 14:10:02', '2021-01-18 14:10:02'),
(76, 'EZDO Total Cholorine Meter FTC-420', 1, 1, 'default.png', 'default.pdf', '1', '6 months', '0', '25500', 1, NULL, '2021-01-18 14:12:22', '2021-01-18 14:12:22'),
(77, 'Jadever JCL-15K Counting Scale', 16, 25, 'default.png', 'default.pdf', '5', '1 year', '0', '15000', 1, NULL, '2021-01-18 14:14:19', '2021-01-18 14:14:19'),
(78, 'Jadever JCL-30K Counting Scale', 16, 25, 'default.png', 'default.pdf', '5', '1 year', '0', '15000', 1, NULL, '2021-01-18 14:14:53', '2021-01-18 14:14:53'),
(79, 'Jadever JPT-30K Pricing Scale', 16, 25, 'default.png', 'default.pdf', '5', '1 year', '0', '18000', 1, NULL, '2021-01-18 14:15:42', '2021-01-18 14:15:42'),
(80, 'Jadever Bar Code Scanner', 16, 25, 'default.png', 'default.pdf', '5', 'N/A', '0', '4500', 1, NULL, '2021-01-18 14:16:33', '2021-01-18 14:16:33'),
(81, 'Jadever Cash Drawer', 16, 25, 'default.png', 'default.pdf', '5', 'N/A', '0', '3500', 1, NULL, '2021-01-18 14:17:09', '2021-01-18 14:17:09'),
(82, 'pH Probe for Auqread Multiperameter', 15, 24, 'default.png', 'default.pdf', '1', 'N/A', '0', '54800', 1, NULL, '2021-01-18 14:19:40', '2021-01-18 14:19:40'),
(83, 'DPD-1/100 Free Cholorine Reagent Strip', 15, 1, 'default.png', 'default.pdf', '1', 'N/A', '0', '2000', 1, NULL, '2021-02-17 13:40:55', '2021-02-17 13:40:55'),
(84, 'Kett C-600 Rice Whiteness Tester', 2, 2, 'default.png', 'default.pdf', '0', '1 year', '500000', '500000.00', 1, NULL, '2021-05-30 13:14:44', '2021-05-30 13:14:44'),
(85, 'Kett Grain & Seed Moisture Meter, Model FG529', 2, 2, 'default.png', 'default.pdf', '30', '1 (One) year warranty.', '35000', '38000', 1, NULL, '2021-06-11 12:11:32', '2021-06-11 12:11:32');

-- --------------------------------------------------------

--
-- Table structure for table `product_quotation`
--

CREATE TABLE `product_quotation` (
  `quotation_id` bigint(20) UNSIGNED NOT NULL,
  `product_id` bigint(20) UNSIGNED NOT NULL,
  `quantity` int(11) NOT NULL,
  `rate` varchar(100) COLLATE utf8mb4_unicode_ci NOT NULL,
  `discount` varchar(100) COLLATE utf8mb4_unicode_ci NOT NULL,
  `total` varchar(100) COLLATE utf8mb4_unicode_ci NOT NULL
) ENGINE=InnoDB DEFAULT CHARSET=utf8mb4 COLLATE=utf8mb4_unicode_ci;

--
-- Dumping data for table `product_quotation`
--

INSERT INTO `product_quotation` (`quotation_id`, `product_id`, `quantity`, `rate`, `discount`, `total`) VALUES
(1, 5, 1, '165000', '10000', '155000'),
(2, 12, 1, '3200', '0', '3200'),
(2, 15, 1, '2700', '0', '2700'),
(2, 34, 1, '28000', '0', '28000'),
(2, 35, 1, '16000', '0', '16000'),
(3, 5, 1, '165000', '5000', '160000'),
(4, 5, 1, '165000', '5000', '160000'),
(6, 6, 5, '145000', '0', '725000'),
(7, 63, 3, '50000', '0', '150000'),
(9, 84, 1, '500000.00', '0', '500000'),
(10, 5, 1, '165000', '0', '165000');

-- --------------------------------------------------------

--
-- Table structure for table `product_sale`
--

CREATE TABLE `product_sale` (
  `sale_id` bigint(20) UNSIGNED NOT NULL,
  `product_id` bigint(20) UNSIGNED NOT NULL,
  `quantity` int(11) NOT NULL,
  `c_quantity` int(11) NOT NULL,
  `serial` varchar(255) COLLATE utf8mb4_unicode_ci NOT NULL,
  `rate` varchar(255) COLLATE utf8mb4_unicode_ci NOT NULL,
  `discount` varchar(255) COLLATE utf8mb4_unicode_ci NOT NULL,
  `total` varchar(255) COLLATE utf8mb4_unicode_ci NOT NULL
) ENGINE=InnoDB DEFAULT CHARSET=utf8mb4 COLLATE=utf8mb4_unicode_ci;

--
-- Dumping data for table `product_sale`
--

INSERT INTO `product_sale` (`sale_id`, `product_id`, `quantity`, `c_quantity`, `serial`, `rate`, `discount`, `total`) VALUES
(3, 9, 10, 372, '0822684,683,700,701,702,803,698,697,699,696', '2600', '200', '24000'),
(4, 9, 1, 371, '0822668', '2600', '0', '2600'),
(4, 10, 1, 294, '0918995', '2600', '0', '2600'),
(5, 12, 1, 136, '087115', '3200', '200', '3000'),
(5, 13, 2, 46, '907536,907563', '3200', '200', '6000'),
(6, 3, 4, 44, 'CA21145,21166,21144,21171', '35000', '0', '140000'),
(7, 19, 2, 43, '900607,900610', '12500', '500', '24000'),
(8, 19, 1, 42, '900608', '12500', '750', '11750'),
(9, 9, 5, 366, '0822680,2677,2678,2676,2679', '2600', '200', '12000'),
(10, 9, 10, 356, '12312313123,12312', '2600', '1000', '16000'),
(11, 5, 1, 5, 'BE26170', '165000', '5000', '160000'),
(12, 9, 1, 365, '0822673', '2600', '200', '2400'),
(13, 10, 1, 293, '0918994', '2600', '200', '2400'),
(13, 15, 1, 77, '0812744', '2700', '200', '2500'),
(15, 3, 1, 42, '#', '35000', '500', '34500'),
(16, 3, 3, 39, '#', '35000', '1000', '102000'),
(14, 10, 2, 287, '0918992,18993', '2600', '200', '4800'),
(14, 15, 2, 75, '0812737,12742', '2700', '200', '5000'),
(17, 43, 4, 35, 'na', '0', '0', '0'),
(18, 10, 1, 289, '1668160', '2600', '200', '2400'),
(19, 9, 4, 361, '0822669,75,82,74', '2600', '200', '9600'),
(19, 10, 1, 289, '0919040', '2600', '200', '2400'),
(19, 15, 1, 74, '0182736', '2700', '200', '2500'),
(19, 12, 1, 135, '807086', '3200', '200', '3000'),
(20, 3, 1, 39, 'CA21154', '35000', '1000', '34000'),
(21, 19, 1, 41, '900606', '12500', '0', '12500'),
(22, 33, 2, 20, '140800,140792', '4000', '500', '7000'),
(23, 9, 1, 360, '0822681', '2600', '200', '2400'),
(23, 10, 1, 288, '0919039', '2600', '200', '2400'),
(24, 9, 3, 357, '0822671,0822672,0822670', '2600', '200', '7200'),
(24, 10, 2, 286, '0919037,0919036', '2600', '200', '4800'),
(25, 3, 1, 38, 'CA21156', '35000', '0', '35000'),
(26, 10, 1, 285, '0919038', '2600', '200', '2400'),
(27, 10, 1, 284, '0919030', '2600', '200', '2400'),
(28, 3, 2, 36, 'CA21159, CA21158', '35000', '1000', '68000'),
(29, 13, 1, 45, '907538', '3200', '200', '3000'),
(30, 3, 1, 35, 'CA38185', '35000', '1000', '34000'),
(31, 9, 1, 356, '0822689', '2600', '200', '2400'),
(32, 3, 1, 34, 'CA38184', '35000', '0', '35000'),
(33, 13, 1, 44, '907544', '3200', '200', '3000'),
(34, 83, 1, 1, 'na', '2000', '0', '2000'),
(35, 3, 1, 33, 'CA38183', '35000', '1000', '34000'),
(36, 9, 1, 355, '0822688', '2600', '200', '2400'),
(36, 10, 1, 283, '0919029', '2600', '200', '2400'),
(36, 32, 1, 25, '140758', '4000', '0', '4000'),
(36, 12, 1, 134, '807147', '3200', '200', '3000'),
(37, 57, 4, 2, 'N/A', '155000', '0', '620000'),
(38, 12, 10, 124, '807145,7119,7146,7092,7114,7124,7148,7134,7129,7149', '3200', '400', '28000'),
(39, 5, 1, 4, 'BE26163', '165000', '5000', '160000'),
(40, 13, 1, 43, '907555', '3200', '200', '3000'),
(41, 3, 1, 32, 'CA38182', '35000', '500', '34500'),
(42, 10, 4, 279, '0919009, 9008, 9007 9006.', '2600', '200', '9600'),
(43, 9, 3, 352, '0822687,2685,2686', '2600', '200', '7200'),
(43, 10, 3, 276, '0919026,19028,19027', '2600', '200', '7200'),
(43, 21, 1, 21, '0005116', '12500', '500', '12000'),
(43, 51, 2, 3, 'N/A', '2800', '200', '5200'),
(44, 28, 1, 1, '170200817', '7000', '0', '7000'),
(45, 5, 1, 3, 'BE26168', '165000', '8000', '157000'),
(46, 9, 1, 351, '0822769', '2600', '200', '2400'),
(46, 10, 1, 275, '0919014', '2600', '200', '2400'),
(47, 56, 2, 1, '0', '45000', '3000', '84000'),
(48, 10, 2, 273, '0919010, 0919015.', '2600', '200', '4800'),
(49, 12, 2, 122, '807127, 807087.', '3200', '200', '6000'),
(49, 13, 2, 41, '907554, 907557.', '3200', '200', '6000'),
(50, 43, 1, 34, 'na', '1700', '200', '1500'),
(50, 45, 1, 8, 'na', '1700', '200', '1500'),
(51, 12, 1, 120, 'N/A', '3200', '0', '3200'),
(51, 15, 1, 73, 'N/A', '2700', '0', '2700'),
(51, 34, 1, 9, 'N/A', '28000', '0', '28000'),
(51, 35, 1, 4, 'N/A', '16000', '0', '16000'),
(52, 3, 1, 31, 'N/A', '35000', '1000', '34000'),
(53, 3, 1, 30, 'CA38197', '35000', '1000', '34000'),
(54, 9, 3, 348, '0822756, 2766, 2767.', '2600', '200', '7200'),
(54, 10, 2, 271, '0919012, 9011.', '2600', '200', '4800'),
(55, 3, 2, 28, 'CA38196, CA38194.', '35000', '1000', '68000'),
(56, 4, 4, 13, 'BI125676, 5678, 5674, 5674.', '35000', '1000', '136000'),
(57, 3, 1, 27, 'CA38198', '35000', '1000', '34000'),
(58, 3, 1, 26, 'CA38195', '35000', '500', '34500'),
(59, 13, 1, 40, '907532', '3200', '200', '3000'),
(60, 3, 1, 25, 'CA38193', '35000', '1000', '34000'),
(61, 3, 1, 24, 'CA38202', '35000', '1000', '34000'),
(62, 3, 1, 23, 'CA38203', '35000', '1000', '34000'),
(63, 3, 1, 22, 'CA38200', '35000', '1500', '33500'),
(64, 3, 1, 21, 'CA38199', '35000', '1000', '34000'),
(65, 3, 1, 20, 'CA38201', '35000', '1000', '34000'),
(66, 10, 1, 270, '0919013', '2600', '200', '2400'),
(67, 5, 1, 2, 'BE26164', '165000', '4000', '161000'),
(68, 10, 3, 267, '0919023, 9022, 9021.', '2600', '200', '7200'),
(68, 9, 2, 346, '0822768, 22836.', '2600', '200', '4800'),
(68, 12, 1, 119, '807126', '3200', '200', '3000'),
(69, 18, 1, 22, '520840', '4200', '200', '4000'),
(70, 3, 1, 19, 'CA38204', '35000', '1000', '34000'),
(71, 3, 3, 16, 'CA38189,38188,38190', '35000', '1000', '102000'),
(72, 3, 1, 15, 'CA38187', '35000', '1000', '34000'),
(73, 3, 2, 13, 'CA38210,38206', '35000', '1000', '68000'),
(74, 3, 1, 12, 'CA38191', '35000', '1000', '34000'),
(75, 3, 1, 11, 'CA38192', '35000', '1000', '34000'),
(76, 5, 1, 1, 'BE26165', '165000', '2000', '163000'),
(77, 57, 2, -2, 'N/A', '155000', '0', '310000'),
(78, 12, 2, 117, '807131,807133', '3200', '200', '6000'),
(78, 13, 2, 38, '907545,907566', '3200', '200', '6000'),
(79, 3, 1, 10, 'CA38299', '35000', '1000', '34000'),
(80, 13, 2, 36, '907546,907556', '3200', '200', '6000'),
(81, 63, 1, 19, 'N/A', '50000', '10000', '40000'),
(82, 3, 1, 9, 'CA38205', '35000', '1000', '34000'),
(83, 3, 1, 8, 'CA38203', '35000', '1000', '34000'),
(84, 7, 1, 0, 'BI25658', '160000', '20000', '140000'),
(85, 9, 2, 344, '0822890,22889', '2600', '200', '4800'),
(85, 10, 2, 265, '0919024,19025', '2600', '200', '4800'),
(85, 12, 2, 115, '807111,807125', '3200', '200', '6000'),
(86, 3, 1, 7, '38207', '35000', '1000', '34000'),
(87, 3, 2, 5, 'CA38216,38214', '35000', '1000', '68000'),
(88, 5, 1, 14, 'N/A', '165000', '0', '165000'),
(89, 5, 1, 13, 'N/A', '165000', '0', '165000'),
(90, 3, 1, 4, 'N/A', '35000', '1200', '33800'),
(90, 4, 1, 12, 'N/A', '35000', '1200', '33800'),
(91, 3, 1, 4, '1123', '35000', '1200', '33800'),
(92, 5, 1, 12, 'BI24510', '165000', '0', '165000'),
(93, 15, 1, 72, '0812735', '2700', '200', '2500'),
(94, 9, 1, 343, '0822771', '2600', '200', '2400'),
(95, 9, 5, 338, '0822829,22830,22757,22759,22758', '2600', '200', '12000'),
(95, 10, 5, 260, '0918970,8969,8968,8967,8966', '2600', '200', '12000'),
(96, 63, 2, 17, 'Meter Sl. No.AI35232,BE24230', '50000', '3000', '94000'),
(96, 60, 1, 9, 'Meter Sl.No.BE24416', '35000', '1000', '34000'),
(96, 61, 6, 9, 'Meter Sl. BE24416,AI35232,BE24230', '6500', '500', '36000'),
(97, 6, 5, 0, 'BE26154,26153,26156,26155,BH21845', '145000', '5000', '700000'),
(98, 56, 1, 2, 'N/A', '45000', '0', '45000'),
(99, 3, 1, 4, 'CA38215', '35000', '1000', '34000'),
(100, 25, 1, 4, '5002360', '27000', '1500', '25500'),
(100, 19, 1, 40, '900609', '12500', '500', '12000'),
(100, 16, 1, 30, '0605616', '2700', '200', '2500'),
(101, 49, 1, 134, 'N/A', '3200', '200', '3000'),
(101, 9, 1, 337, '0822837', '2600', '200', '2400'),
(102, 57, 7, 3, 'C31803,31792,31786,31793,31794,31801,31788', '155000', '17000', '966000'),
(103, 3, 1, 3, 'CA38212', '35000', '1000', '34000'),
(104, 4, 1, 12, '1123', '35000', '1200', '33800'),
(105, 4, 1, 11, '1123', '35000', '1200', '33800'),
(106, 4, 1, 10, '1123', '35000', '1000', '34000'),
(107, 5, 1, 11, '1123', '165000', '1000', '164000'),
(108, 4, 1, 9, '1123', '35000', '1200', '33800'),
(109, 5, 12, -1, '1123', '165000', '1200', '1965600'),
(110, 5, 12, -13, '1123', '165000', '1200', '1965600'),
(111, 10, 12, 248, '1123', '2600', '1200', '16800'),
(112, 4, 1, 8, '1123', '35000', '1200', '33800'),
(113, 4, 1, 7, 'CA38184', '35000', '1000', '34000'),
(113, 4, 4, 3, 'CA38184', '35000', '1000', '136000');

-- --------------------------------------------------------

--
-- Table structure for table `quotations`
--

CREATE TABLE `quotations` (
  `id` bigint(20) UNSIGNED NOT NULL,
  `qut_date` date NOT NULL,
  `customer_id` bigint(20) UNSIGNED NOT NULL,
  `sub_total` varchar(255) COLLATE utf8mb4_unicode_ci NOT NULL,
  `vat` varchar(255) COLLATE utf8mb4_unicode_ci NOT NULL,
  `vat_amount` varchar(255) COLLATE utf8mb4_unicode_ci NOT NULL,
  `ait` varchar(255) COLLATE utf8mb4_unicode_ci NOT NULL,
  `ait_amount` varchar(255) COLLATE utf8mb4_unicode_ci NOT NULL,
  `total_amount` varchar(255) COLLATE utf8mb4_unicode_ci NOT NULL,
  `delivery_time` varchar(255) COLLATE utf8mb4_unicode_ci NOT NULL,
  `payment` varchar(255) COLLATE utf8mb4_unicode_ci NOT NULL,
  `qut_status` tinyint(1) NOT NULL DEFAULT 0,
  `deleted_at` timestamp NULL DEFAULT NULL,
  `created_at` timestamp NULL DEFAULT NULL,
  `updated_at` timestamp NULL DEFAULT NULL
) ENGINE=InnoDB DEFAULT CHARSET=utf8mb4 COLLATE=utf8mb4_unicode_ci;

--
-- Dumping data for table `quotations`
--

INSERT INTO `quotations` (`id`, `qut_date`, `customer_id`, `sub_total`, `vat`, `vat_amount`, `ait`, `ait_amount`, `total_amount`, `delivery_time`, `payment`, `qut_status`, `deleted_at`, `created_at`, `updated_at`) VALUES
(1, '2021-03-16', 33, '155000', '0', '0.00', '0', '0.00', '155000.00', 'After 45 days of Receiving Work Order', 'Full Payment at the time of delivery', 1, NULL, '2021-03-18 10:11:42', '2021-03-18 10:11:42'),
(2, '2021-04-12', 41, '49900', '0', '0.00', '0', '0.00', '49900.00', 'In Stock', 'Full Payment at the time of delivery', 1, NULL, '2021-04-12 10:01:21', '2021-04-12 10:01:21'),
(3, '2021-04-12', 42, '160000', '0', '0.00', '0', '0.00', '160000.00', 'In Stock', 'Full Payment at the time of delivery', 1, NULL, '2021-04-12 10:36:22', '2021-04-12 10:36:22'),
(4, '2021-04-12', 43, '160000', '0', '0.00', '0', '0.00', '160000.00', 'In Stock', 'Full Payment at the time of delivery', 1, NULL, '2021-04-12 15:07:54', '2021-04-12 15:07:54'),
(5, '2021-05-27', 38, '725000', '0', '0.00', '0', '0.00', '725000.00', 'In Stock', 'Full Payment at the time of delivery', 1, NULL, '2021-05-27 11:30:10', '2021-05-27 11:30:10'),
(6, '2021-05-27', 38, '725000', '0', '0.00', '0', '0.00', '725000.00', 'In Stock', 'Full Payment at the time of delivery', 1, NULL, '2021-05-27 11:32:56', '2021-05-27 11:32:56'),
(7, '2021-05-27', 38, '150000', '0', '0.00', '0', '0.00', '150000.00', 'In Stock', 'Full Payment at the time of delivery', 1, NULL, '2021-05-27 11:47:21', '2021-05-27 11:47:21'),
(8, '2021-05-30', 62, '500000', '0', '0.00', '0', '0.00', '500000.00', 'After 45 days of Receiving Work Order', 'Full Payment at the time of delivery', 1, NULL, '2021-05-30 13:16:28', '2021-05-30 13:16:28'),
(9, '2021-05-30', 62, '500000', '0', '0.00', '0', '0.00', '500000.00', 'After 45 days of Receiving Work Order', 'Full Payment at the time of delivery', 1, NULL, '2021-05-30 13:18:46', '2021-05-30 13:18:46'),
(10, '2021-06-02', 63, '165000', '0', '0.00', '0', '0.00', '165000.00', 'In Stock', 'Full Payment at the time of delivery', 1, NULL, '2021-06-02 09:32:09', '2021-06-02 09:32:09');

-- --------------------------------------------------------

--
-- Table structure for table `roles`
--

CREATE TABLE `roles` (
  `id` bigint(20) UNSIGNED NOT NULL,
  `name` varchar(255) COLLATE utf8mb4_unicode_ci NOT NULL,
  `guard_name` varchar(255) COLLATE utf8mb4_unicode_ci NOT NULL,
  `created_at` timestamp NULL DEFAULT NULL,
  `updated_at` timestamp NULL DEFAULT NULL
) ENGINE=InnoDB DEFAULT CHARSET=utf8mb4 COLLATE=utf8mb4_unicode_ci;

--
-- Dumping data for table `roles`
--

INSERT INTO `roles` (`id`, `name`, `guard_name`, `created_at`, `updated_at`) VALUES
(1, 'Admin', 'web', '2021-01-07 00:08:55', '2021-01-07 00:08:55'),
(2, 'Sales', 'web', '2021-01-07 13:50:55', '2021-01-07 13:50:55'),
(3, 'Test', 'web', '2021-05-27 10:20:43', '2021-05-27 10:20:43');

-- --------------------------------------------------------

--
-- Table structure for table `role_has_permissions`
--

CREATE TABLE `role_has_permissions` (
  `permission_id` bigint(20) UNSIGNED NOT NULL,
  `role_id` bigint(20) UNSIGNED NOT NULL
) ENGINE=InnoDB DEFAULT CHARSET=utf8mb4 COLLATE=utf8mb4_unicode_ci;

--
-- Dumping data for table `role_has_permissions`
--

INSERT INTO `role_has_permissions` (`permission_id`, `role_id`) VALUES
(1, 1),
(1, 2),
(2, 1),
(3, 1),
(4, 1),
(5, 1),
(5, 2),
(6, 1),
(7, 1),
(8, 1),
(9, 1),
(9, 2),
(10, 1),
(11, 1),
(12, 1),
(13, 1),
(13, 2),
(13, 3),
(14, 1),
(15, 1),
(16, 1),
(17, 1),
(17, 2),
(17, 3),
(18, 1),
(18, 2),
(19, 1),
(20, 1),
(21, 1),
(21, 2),
(21, 3),
(22, 1),
(23, 1),
(24, 1),
(25, 1),
(26, 1),
(27, 1),
(28, 1);

-- --------------------------------------------------------

--
-- Table structure for table `sales`
--

CREATE TABLE `sales` (
  `id` bigint(20) UNSIGNED NOT NULL,
  `sales_id` bigint(20) NOT NULL,
  `sales_date` date NOT NULL,
  `customer_id` bigint(20) UNSIGNED NOT NULL,
  `sub_total` varchar(255) COLLATE utf8mb4_unicode_ci NOT NULL,
  `vat` varchar(255) COLLATE utf8mb4_unicode_ci NOT NULL,
  `vat_amount` varchar(255) COLLATE utf8mb4_unicode_ci NOT NULL,
  `total_amount` varchar(255) COLLATE utf8mb4_unicode_ci NOT NULL,
  `paid` varchar(255) COLLATE utf8mb4_unicode_ci NOT NULL,
  `due` varchar(255) COLLATE utf8mb4_unicode_ci NOT NULL,
  `payment_type` varchar(255) COLLATE utf8mb4_unicode_ci NOT NULL,
  `payment_status` varchar(255) COLLATE utf8mb4_unicode_ci NOT NULL,
  `order_status` tinyint(1) NOT NULL DEFAULT 0,
  `bill_id` varchar(255) COLLATE utf8mb4_unicode_ci NOT NULL,
  `deleted_at` timestamp NULL DEFAULT NULL,
  `created_at` timestamp NULL DEFAULT NULL,
  `updated_at` timestamp NULL DEFAULT NULL
) ENGINE=InnoDB DEFAULT CHARSET=utf8mb4 COLLATE=utf8mb4_unicode_ci;

--
-- Dumping data for table `sales`
--

INSERT INTO `sales` (`id`, `sales_id`, `sales_date`, `customer_id`, `sub_total`, `vat`, `vat_amount`, `total_amount`, `paid`, `due`, `payment_type`, `payment_status`, `order_status`, `bill_id`, `deleted_at`, `created_at`, `updated_at`) VALUES
(3, 100, '2021-01-05', 1, '24000', '0', '0.00', '24000.00', '24000', '0.00', 'Cash', 'Full Payment', 1, '2021-100', NULL, '2021-01-11 15:44:24', '2021-01-11 15:44:24'),
(4, 101, '2021-01-05', 2, '5200', '0', '0.00', '5200.00', '0', '5200.00', 'None', 'No Payment', 1, '2021-101', NULL, '2021-01-11 15:45:57', '2021-01-11 15:45:57'),
(5, 102, '2021-01-10', 3, '9000', '0', '0.00', '9000.00', '9000', '0.00', 'Cash', 'Full Payment', 1, '2021-102', NULL, '2021-01-11 15:47:29', '2021-01-11 15:47:29'),
(6, 103, '2021-01-10', 4, '140000', '0', '0.00', '140000.00', '140000', '0.00', 'Cash', 'Full Payment', 1, '2021-103', NULL, '2021-01-11 15:48:30', '2021-01-11 15:48:30'),
(7, 104, '2021-01-10', 5, '24000', '0', '0.00', '24000.00', '24000', '0.00', 'Bank Transfer', 'Full Payment', 1, '2021-104', NULL, '2021-01-11 15:49:21', '2021-01-11 15:49:21'),
(8, 105, '2021-01-11', 6, '11750', '0', '0.00', '11750.00', '11750', '0.00', 'Cash', 'Full Payment', 1, '2021-105', NULL, '2021-01-11 15:51:09', '2021-01-11 15:51:09'),
(9, 106, '2021-01-11', 7, '12000', '0', '0.00', '12000.00', '12000', '0.00', 'Cash', 'Full Payment', 1, '2021-106', NULL, '2021-01-11 15:51:59', '2021-01-11 15:51:59'),
(10, 107, '2021-01-13', 1, '16000', '1', '320.00', '16320.00', '16320', '0.00', 'Cash', 'Full Payment', 0, '2021-107', NULL, '2021-01-13 11:17:24', '2021-01-13 11:20:52'),
(11, 108, '2021-01-13', 8, '160000', '0', '0.00', '160000.00', '160000', '0.00', 'Cash', 'Full Payment', 1, '2021-108', NULL, '2021-01-13 13:47:19', '2021-01-13 13:47:19'),
(12, 109, '2021-01-14', 9, '2400', '0', '0.00', '2400.00', '2400', '0.00', 'Cash', 'Full Payment', 1, '2021-109', NULL, '2021-01-14 11:19:40', '2021-01-14 11:19:40'),
(13, 110, '2021-01-18', 10, '4900', '0', '0.00', '4900.00', '4900', '0.00', 'Cash', 'Full Payment', 1, '2021-110', NULL, '2021-01-18 15:58:19', '2021-01-18 15:58:19'),
(14, 111, '2021-01-21', 11, '9800', '0', '0.00', '9800.00', '9800', '0.00', 'Cash', 'Full Payment', 1, '2021-111', NULL, '2021-01-23 11:06:53', '2021-01-24 11:20:34'),
(15, 112, '2021-01-23', 13, '34500', '0', '0.00', '34500.00', '34500', '0.00', 'Cash', 'Full Payment', 1, '2021-112', NULL, '2021-01-23 11:08:20', '2021-01-23 11:08:20'),
(16, 113, '2021-01-23', 15, '102000', '0', '0.00', '102000.00', '102000', '0.00', 'Cheque', 'Full Payment', 1, '2021-113', NULL, '2021-01-23 11:19:15', '2021-01-23 11:19:15'),
(17, 114, '2021-01-24', 16, '0', '0', '0.00', '0.00', '0', '0.00', 'None', 'Full Payment', 1, '2021-114', NULL, '2021-01-24 12:01:20', '2021-01-24 12:01:20'),
(18, 115, '2021-01-24', 17, '2400', '0', '0.00', '2400.00', '2400', '0.00', 'Bkash', 'Full Payment', 1, '2021-115', NULL, '2021-01-24 13:56:08', '2021-01-24 13:56:08'),
(19, 116, '2021-01-25', 18, '17500', '0', '0.00', '17500.00', '17500', '0.00', 'Cash', 'Full Payment', 1, '2021-116', NULL, '2021-01-25 11:48:57', '2021-01-25 11:48:57'),
(20, 117, '2021-01-27', 19, '34000', '0', '0.00', '34000.00', '0', '34000.00', 'None', 'No Payment', 1, '2021-117', NULL, '2021-01-27 14:08:04', '2021-01-27 14:08:04'),
(21, 118, '2021-01-27', 20, '12500', '0', '0.00', '12500.00', '12500', '0.00', 'Bkash', 'Full Payment', 1, '2021-118', NULL, '2021-01-27 17:24:25', '2021-01-27 17:24:25'),
(22, 119, '2021-01-28', 21, '7000', '0', '0.00', '7000.00', '7000', '0.00', 'Cash', 'Full Payment', 1, '2021-119', NULL, '2021-01-28 12:14:23', '2021-01-28 12:14:23'),
(23, 120, '2021-01-31', 9, '4800', '0', '0.00', '4800.00', '4800', '0.00', 'Cash', 'Full Payment', 1, '2021-120', NULL, '2021-01-31 10:33:42', '2021-01-31 10:33:42'),
(24, 121, '2021-01-31', 22, '12000', '0', '0.00', '12000.00', '12000', '0.00', 'Cash', 'Full Payment', 1, '2021-121', NULL, '2021-01-31 12:34:03', '2021-01-31 12:34:03'),
(25, 122, '2021-01-31', 23, '35000', '0', '0.00', '35000.00', '35000', '0.00', 'Bank Transfer', 'Full Payment', 1, '2021-122', NULL, '2021-01-31 13:23:27', '2021-01-31 13:23:27'),
(26, 123, '2021-01-31', 24, '2400', '0', '0.00', '2400.00', '2400', '0.00', 'Cash', 'Full Payment', 1, '2021-123', NULL, '2021-01-31 13:52:28', '2021-01-31 13:52:28'),
(27, 124, '2021-02-01', 24, '2400', '0', '0.00', '2400.00', '2400', '0.00', 'Cash', 'Full Payment', 1, '2021-124', NULL, '2021-02-01 16:42:58', '2021-02-01 16:42:58'),
(28, 125, '2021-02-02', 15, '68000', '0', '0.00', '68000.00', '68000', '0.00', 'Cheque', 'Full Payment', 1, '2021-125', NULL, '2021-02-02 15:14:42', '2021-02-02 15:14:42'),
(29, 126, '2021-02-08', 22, '3000', '0', '0.00', '3000.00', '3000', '0.00', 'Cash', 'Full Payment', 1, '2021-126', NULL, '2021-02-08 15:52:58', '2021-02-08 15:52:58'),
(30, 127, '2021-02-09', 25, '34000', '0', '0.00', '34000.00', '34000', '0.00', 'Cash', 'Full Payment', 1, '2021-127', NULL, '2021-02-09 17:54:40', '2021-02-09 17:54:40'),
(31, 128, '2021-02-15', 26, '2400', '0', '0.00', '2400.00', '2400', '0.00', 'Cash', 'Full Payment', 1, '2021-128', NULL, '2021-02-15 16:53:40', '2021-02-15 16:53:40'),
(32, 129, '2021-02-17', 27, '35000', '0', '0.00', '35000.00', '35000', '0.00', 'Bank Transfer', 'Full Payment', 1, '2021-129', NULL, '2021-02-17 13:33:23', '2021-02-17 13:33:23'),
(33, 130, '2021-02-17', 22, '3000', '0', '0.00', '3000.00', '3000', '0.00', 'Cash', 'Full Payment', 1, '2021-130', NULL, '2021-02-17 13:38:17', '2021-02-17 13:38:17'),
(34, 131, '2021-02-17', 28, '2000', '0', '0.00', '2000.00', '2000', '0.00', 'Cash', 'Full Payment', 1, '2021-131', NULL, '2021-02-17 13:41:31', '2021-02-17 13:41:31'),
(35, 132, '2021-02-18', 29, '34000', '0', '0.00', '34000.00', '0', '34000.00', 'Courier', 'No Payment', 1, '2021-132', NULL, '2021-02-18 16:36:52', '2021-02-18 16:36:52'),
(36, 133, '2021-02-23', 30, '11800', '0', '0.00', '11800.00', '11800', '0.00', 'Cash', 'Full Payment', 1, '2021-133', NULL, '2021-02-23 13:48:19', '2021-02-23 13:48:19'),
(37, 134, '2021-02-23', 31, '620000', '0', '0.00', '620000.00', '0', '620000.00', 'None', 'No Payment', 1, '2021-134', NULL, '2021-02-23 15:47:23', '2021-02-23 16:46:42'),
(38, 135, '2021-03-02', 6, '28000', '0', '0.00', '28000.00', '28000', '0.00', 'Cash', 'Full Payment', 1, '2021-135', NULL, '2021-03-02 15:28:51', '2021-03-02 15:28:51'),
(39, 136, '2021-03-06', 32, '160000', '0', '0.00', '160000.00', '160000', '0.00', 'Cash', 'Full Payment', 1, '2021-136', NULL, '2021-03-06 10:12:05', '2021-03-06 10:12:05'),
(40, 137, '2021-03-09', 10, '3000', '0', '0.00', '3000.00', '3000', '0.00', 'Cash', 'Full Payment', 1, '2021-137', NULL, '2021-03-09 13:10:39', '2021-03-09 13:10:39'),
(41, 138, '2021-03-22', 34, '34500', '0', '0.00', '34500.00', '34500', '0.00', 'Cash', 'Full Payment', 1, '2021-138', NULL, '2021-03-22 09:03:18', '2021-03-22 09:03:18'),
(42, 139, '2021-03-22', 35, '9600', '0', '0.00', '9600.00', '9600', '0.00', 'Cash', 'Full Payment', 1, '2021-139', NULL, '2021-03-22 09:34:39', '2021-03-22 09:34:39'),
(43, 140, '2021-03-24', 36, '31600', '0', '0.00', '31600.00', '0', '31600.00', 'None', 'No Payment', 1, '2021-140', NULL, '2021-03-23 17:01:06', '2021-03-24 09:15:03'),
(44, 141, '2021-03-24', 37, '7000', '0', '0.00', '7000.00', '0', '7000.00', 'Cash', 'No Payment', 1, '2021-141', NULL, '2021-03-24 16:13:45', '2021-03-24 16:13:45'),
(45, 142, '2021-03-29', 38, '157000', '0', '0.00', '157000.00', '0', '157000.00', 'Cash,Bank Transfer', 'No Payment', 1, '2021-142', NULL, '2021-03-29 09:19:46', '2021-03-29 09:19:46'),
(46, 143, '2021-03-29', 9, '4800', '0', '0.00', '4800.00', '4800', '0.00', 'Cash', 'Full Payment', 1, '2021-143', NULL, '2021-03-29 11:10:25', '2021-03-29 11:10:25'),
(47, 144, '2021-04-01', 39, '84000', '0', '0.00', '84000.00', '84000', '0.00', 'Cash', 'Full Payment', 1, '2021-144', NULL, '2021-04-01 14:29:39', '2021-04-01 14:29:39'),
(48, 145, '2021-04-04', 9, '4800', '0', '0.00', '4800.00', '4800', '0.00', 'Cash', 'Full Payment', 1, '2021-145', NULL, '2021-04-04 09:46:28', '2021-04-04 09:46:28'),
(49, 146, '2021-04-11', 40, '12000', '0', '0.00', '12000.00', '12000', '0.00', 'Cash', 'Full Payment', 1, '2021-146', NULL, '2021-04-11 08:44:27', '2021-04-11 08:44:27'),
(50, 147, '2021-04-12', 6, '3000', '0', '0.00', '3000.00', '3000', '0.00', 'Cash', 'Full Payment', 1, '2021-147', NULL, '2021-04-12 11:53:19', '2021-04-12 11:53:19'),
(51, 148, '2021-04-25', 41, '49900', '0', '0.00', '49900.00', '0', '49900.00', 'None', 'No Payment', 1, '2021-148', NULL, '2021-04-25 08:27:49', '2021-04-25 08:27:49'),
(52, 149, '2021-04-25', 44, '34000', '0', '0.00', '34000.00', '0', '34000.00', 'None', 'No Payment', 1, '2021-149', NULL, '2021-04-25 08:32:11', '2021-04-25 08:32:11'),
(53, 150, '2021-04-26', 29, '34000', '0', '0.00', '34000.00', '0', '34000.00', 'Courier', 'No Payment', 1, '2021-150', NULL, '2021-04-26 10:40:50', '2021-04-26 10:40:50'),
(54, 151, '2021-04-28', 9, '12000', '0', '0.00', '12000.00', '12000', '0.00', 'Cash', 'Full Payment', 1, '2021-151', NULL, '2021-04-28 09:50:28', '2021-04-28 09:50:28'),
(55, 152, '2021-05-02', 45, '68000', '0', '0.00', '68000.00', '68000', '0.00', 'Cash', 'Full Payment', 1, '2021-152', NULL, '2021-05-02 13:17:27', '2021-05-02 13:17:27'),
(56, 153, '2021-05-03', 46, '136000', '0', '0.00', '136000.00', '136000', '0.00', 'Cash', 'Full Payment', 1, '2021-153', NULL, '2021-05-03 11:54:07', '2021-05-03 11:54:07'),
(57, 154, '2021-05-04', 47, '34000', '0', '0.00', '34000.00', '34000', '0.00', 'Cash', 'Full Payment', 1, '2021-154', NULL, '2021-05-04 12:28:07', '2021-05-04 12:28:07'),
(58, 155, '2021-05-05', 48, '34500', '0', '0.00', '34500.00', '0', '34500.00', 'Cash', 'No Payment', 1, '2021-155', NULL, '2021-05-05 10:25:04', '2021-05-05 10:25:04'),
(59, 156, '2021-05-06', 49, '3000', '0', '0.00', '3000.00', '3000', '0.00', 'Cash', 'Full Payment', 1, '2021-156', NULL, '2021-05-06 12:17:05', '2021-05-06 12:17:05'),
(60, 157, '2021-05-08', 50, '34000', '0', '0.00', '34000.00', '34000', '0.00', 'Cash', 'Full Payment', 1, '2021-157', NULL, '2021-05-08 14:44:33', '2021-05-08 14:44:33'),
(61, 158, '2021-05-09', 15, '34000', '0', '0.00', '34000.00', '0', '34000.00', 'Cheque', 'No Payment', 1, '2021-158', NULL, '2021-05-09 12:49:07', '2021-05-09 12:49:07'),
(62, 159, '2021-05-19', 51, '34000', '0', '0.00', '34000.00', '34000', '0.00', 'Cash', 'Full Payment', 1, '2021-159', NULL, '2021-05-19 12:10:11', '2021-05-19 12:10:11'),
(63, 160, '2021-05-19', 52, '33500', '0', '0.00', '33500.00', '33500', '0.00', 'Cash', 'Full Payment', 1, '2021-160', NULL, '2021-05-19 12:20:18', '2021-05-19 12:20:18'),
(64, 161, '2021-05-19', 53, '34000', '0', '0.00', '34000.00', '34000', '0.00', 'Cash', 'Full Payment', 1, '2021-161', NULL, '2021-05-19 13:05:54', '2021-05-19 13:05:54'),
(65, 162, '2021-05-20', 54, '34000', '0', '0.00', '34000.00', '34000', '0.00', 'Cash', 'Full Payment', 1, '2021-162', NULL, '2021-05-20 11:27:19', '2021-05-20 11:27:19'),
(66, 163, '2021-05-23', 55, '2400', '0', '0.00', '2400.00', '2400', '0.00', 'Cash', 'Full Payment', 1, '2021-163', NULL, '2021-05-23 10:53:12', '2021-05-23 10:53:12'),
(67, 164, '2021-05-23', 56, '161000', '0', '0.00', '161000.00', '161000', '0.00', 'Cash', 'Full Payment', 1, '2021-164', NULL, '2021-05-23 14:03:09', '2021-06-13 11:51:16'),
(68, 165, '2021-05-24', 18, '15000', '0', '0.00', '15000.00', '15000', '0.00', 'Cash', 'Full Payment', 1, '2021-165', NULL, '2021-05-24 10:28:59', '2021-05-24 10:28:59'),
(69, 166, '2021-05-24', 26, '4000', '0', '0.00', '4000.00', '4000', '0.00', 'Cash', 'Full Payment', 1, '2021-166', NULL, '2021-05-24 12:17:36', '2021-05-24 12:17:36'),
(70, 167, '2021-05-24', 57, '34000', '0', '0.00', '34000.00', '34000', '0.00', 'Cash', 'Full Payment', 1, '2021-167', NULL, '2021-05-24 14:24:58', '2021-05-24 14:24:58'),
(71, 168, '2021-05-25', 58, '102000', '0', '0.00', '102000.00', '0', '102000.00', 'Courier', 'No Payment', 1, '2021-168', NULL, '2021-05-25 12:40:55', '2021-05-25 12:40:55'),
(72, 169, '2021-05-27', 29, '34000', '0', '0.00', '34000.00', '0', '34000.00', 'Courier', 'No Payment', 1, '2021-169', NULL, '2021-05-27 10:53:27', '2021-05-27 10:53:27'),
(73, 170, '2021-05-27', 45, '68000', '0', '0.00', '68000.00', '68000', '0.00', 'Cash', 'Full Payment', 1, '2021-170', NULL, '2021-05-27 11:48:27', '2021-05-27 11:48:27'),
(74, 171, '2021-05-27', 59, '34000', '0', '0.00', '34000.00', '34000', '0.00', 'Cash', 'Full Payment', 1, '2021-171', NULL, '2021-05-27 13:42:11', '2021-05-27 13:42:11'),
(75, 172, '2021-05-27', 60, '34000', '0', '0.00', '34000.00', '34000', '0.00', 'Cash', 'Full Payment', 1, '2021-172', NULL, '2021-05-27 15:03:20', '2021-05-27 15:03:20'),
(76, 173, '2021-05-30', 61, '163000', '0', '0.00', '163000.00', '163000', '0.00', 'Bank Transfer', 'Full Payment', 1, '2021-173', NULL, '2021-05-30 11:55:43', '2021-05-30 11:55:43'),
(77, 174, '2021-05-31', 31, '310000', '0', '0.00', '310000.00', '0', '310000.00', 'None', 'No Payment', 1, '2021-174', NULL, '2021-05-31 13:49:36', '2021-05-31 13:49:36'),
(78, 175, '2021-06-01', 40, '12000', '0', '0.00', '12000.00', '12000', '0.00', 'Cash', 'Full Payment', 1, '2021-175', NULL, '2021-06-01 16:50:24', '2021-06-01 16:50:24'),
(79, 176, '2021-06-02', 64, '34000', '0', '0.00', '34000.00', '34000', '0.00', 'Cash', 'Full Payment', 1, '2021-176', NULL, '2021-06-02 14:54:36', '2021-06-02 14:54:36'),
(80, 177, '2021-06-02', 22, '6000', '0', '0.00', '6000.00', '6000', '0.00', 'Cash', 'Full Payment', 1, '2021-177', NULL, '2021-06-02 15:34:56', '2021-06-02 15:34:56'),
(81, 178, '2021-06-03', 65, '40000', '0', '0.00', '40000.00', '40000', '0.00', 'Cash', 'Full Payment', 1, '2021-178', NULL, '2021-06-03 10:44:51', '2021-06-03 10:44:51'),
(82, 179, '2021-06-06', 68, '34000', '0', '0.00', '34000.00', '34000', '0.00', 'Cash', 'Full Payment', 1, '2021-179', NULL, '2021-06-06 13:05:39', '2021-06-06 13:05:39'),
(83, 180, '2021-06-06', 69, '34000', '0', '0.00', '34000.00', '34000', '0.00', 'Cash', 'Full Payment', 1, '2021-180', NULL, '2021-06-06 15:00:44', '2021-06-06 15:00:44'),
(84, 181, '2021-06-07', 70, '140000', '0', '0.00', '140000.00', '140000', '0.00', 'Cash', 'Full Payment', 1, '2021-181', NULL, '2021-06-07 16:10:47', '2021-06-07 16:10:47'),
(85, 182, '2021-06-08', 11, '15600', '0', '0.00', '15600.00', '15600', '0.00', 'Cash', 'Full Payment', 1, '2021-182', NULL, '2021-06-08 15:29:46', '2021-06-08 15:29:46'),
(86, 183, '2021-06-09', 71, '34000', '0', '0.00', '34000.00', '34000', '0.00', 'Cash', 'Full Payment', 1, '2021-183', NULL, '2021-06-09 15:40:54', '2021-06-09 15:40:54'),
(87, 184, '2021-06-10', 45, '68000', '0', '0.00', '68000.00', '68000', '0.00', 'Cash', 'Full Payment', 1, '2021-184', NULL, '2021-06-10 12:31:41', '2021-06-10 12:31:41'),
(88, 185, '2021-06-12', 72, '165000', '0', '0.00', '165000.00', '0', '165000.00', 'None', 'No Payment', 1, '2021-185', NULL, '2021-06-12 11:24:40', '2021-06-12 17:13:14'),
(89, 186, '2021-06-13', 73, '165000', '0', '0.00', '165000.00', '0', '165000.00', 'None', 'No Payment', 1, '2021-186', NULL, '2021-06-12 17:58:21', '2021-06-13 11:54:31'),
(90, 187, '2021-06-13', 2, '67600', '0', '0.00', '67600.00', '0', '67600.00', 'None', 'No Payment', 0, '2021-187', NULL, '2021-06-13 11:55:06', '2021-06-13 11:55:30'),
(91, 188, '2021-06-13', 2, '33800', '0', '0.00', '33800.00', '0', '33800.00', 'Cash', 'No Payment', 0, '2021-188', NULL, '2021-06-13 12:30:43', '2021-06-13 12:31:03'),
(92, 189, '2021-06-15', 74, '165000', '0', '0.00', '165000.00', '0', '165000.00', 'Cheque', 'No Payment', 1, '2021-189', NULL, '2021-06-15 08:01:52', '2021-06-15 08:01:52'),
(93, 190, '2021-06-15', 10, '2500', '0', '0.00', '2500.00', '2500', '0.00', 'Cash', 'Full Payment', 1, '2021-190', NULL, '2021-06-15 11:24:25', '2021-06-15 11:24:25'),
(94, 191, '2021-06-17', 30, '2400', '0', '0.00', '2400.00', '2400', '0.00', 'Cash', 'Full Payment', 1, '2021-191', NULL, '2021-06-17 10:00:58', '2021-06-17 10:00:58'),
(95, 192, '2021-06-19', 11, '24000', '0', '0.00', '24000.00', '24000', '0.00', 'Cash', 'Full Payment', 1, '2021-192', NULL, '2021-06-19 14:15:52', '2021-06-19 14:15:52'),
(96, 193, '2021-06-20', 38, '164000', '0', '0.00', '164000.00', '0', '164000.00', 'Bank Transfer', 'No Payment', 1, '2021-193', NULL, '2021-06-20 11:43:44', '2021-06-20 11:43:44'),
(97, 194, '2021-06-20', 38, '700000', '0', '0.00', '700000.00', '0', '700000.00', 'Bank Transfer', 'No Payment', 1, '2021-194', NULL, '2021-06-20 11:56:42', '2021-06-20 11:56:42'),
(98, 195, '2021-06-21', 75, '45000', '0', '0.00', '45000.00', '45000', '0.00', 'Cash', 'Full Payment', 1, '2021-195', NULL, '2021-06-21 11:07:24', '2021-06-21 11:07:24'),
(99, 196, '2021-06-21', 50, '34000', '0', '0.00', '34000.00', '34000', '0.00', 'Cash', 'Full Payment', 1, '2021-196', NULL, '2021-06-21 15:09:30', '2021-06-21 15:09:30'),
(100, 197, '2021-06-22', 10, '40000', '0', '0.00', '40000.00', '40000', '0.00', 'Cash', 'Full Payment', 1, '2021-197', NULL, '2021-06-22 16:24:44', '2021-06-22 16:24:44'),
(101, 198, '2021-06-22', 76, '5400', '0', '0.00', '5400.00', '5400', '0.00', 'Cash', 'Full Payment', 1, '2021-198', NULL, '2021-06-22 16:31:18', '2021-06-22 16:31:18'),
(102, 199, '2021-06-23', 31, '966000', '0', '0.00', '966000.00', '829000', '137000.00', 'Bank Transfer', 'Partial Payment', 1, '2021-199', NULL, '2021-06-23 15:05:37', '2021-06-23 15:05:37'),
(103, 200, '2021-06-23', 19, '34000', '0', '0.00', '34000.00', '0', '34000.00', 'Bank Transfer', 'No Payment', 1, '2021-200', NULL, '2021-06-23 15:11:45', '2021-06-23 15:11:45'),
(104, 100, '2020-11-19', 2, '33800', '0', '0.00', '33800.00', '33800', '0.00', 'Cash', 'Full Payment', 1, '2020-100', NULL, '2021-06-29 23:22:25', '2021-06-29 23:22:25'),
(105, 201, '2021-07-06', 3, '33800', '0', '0.00', '33800.00', '33800', '0.00', 'Cash', 'Full Payment', 1, '2021-201', NULL, '2021-07-05 23:57:40', '2021-07-05 23:57:40'),
(106, 202, '2021-07-16', 2, '34000', '0', '0.00', '34000.00', '20000', '14000.00', 'Cash', 'Partial Payment', 1, '2021-202', NULL, '2021-07-16 10:15:30', '2021-07-16 10:15:30'),
(107, 203, '2021-07-16', 3, '164000', '0', '0.00', '164000.00', '164000', '0.00', 'Cash', 'Full Payment', 1, '2021-203', NULL, '2021-07-16 22:26:02', '2021-07-16 22:26:02'),
(108, 204, '2021-07-16', 4, '33800', '0', '0.00', '33800.00', '0', '33800.00', 'None', 'No Payment', 1, '2021-204', NULL, '2021-07-16 23:44:19', '2021-07-16 23:44:19'),
(109, 205, '2021-07-17', 4, '1965600', '0', '0.00', '1965600.00', '1000000', '965600.00', 'Bank Transfer', 'Partial Payment', 1, '2021-205', NULL, '2021-07-16 23:45:31', '2021-07-16 23:45:31'),
(110, 206, '2021-07-16', 4, '1965600', '0', '0.00', '1965600.00', '1000000', '965600.00', 'Bank Transfer', 'Partial Payment', 1, '2021-206', NULL, '2021-07-16 23:46:08', '2021-07-16 23:46:08'),
(111, 207, '2021-07-16', 11, '16800', '0', '0.00', '16800.00', '10000', '6800.00', 'Bkash', 'Partial Payment', 1, '2021-207', NULL, '2021-07-16 23:46:57', '2021-07-16 23:46:57'),
(112, 208, '2021-07-17', 9, '33800', '0', '0.00', '33800.00', '33800', '0.00', 'Courier', 'Full Payment', 1, '2021-208', NULL, '2021-07-16 23:47:57', '2021-07-16 23:47:57'),
(113, 209, '2021-11-29', 2, '170000', '0', '0.00', '170000.00', '2400', '167600.00', 'Cash,Bank Transfer,Courier', 'Partial Payment', 1, '2021-209', NULL, '2021-11-29 03:15:27', '2021-11-29 03:15:27');

-- --------------------------------------------------------

--
-- Table structure for table `tenders`
--

CREATE TABLE `tenders` (
  `id` bigint(20) UNSIGNED NOT NULL,
  `etender_id` varchar(255) COLLATE utf8mb4_unicode_ci NOT NULL,
  `procuring_entity` varchar(255) COLLATE utf8mb4_unicode_ci NOT NULL,
  `item` varchar(255) COLLATE utf8mb4_unicode_ci NOT NULL,
  `tender_status` varchar(255) COLLATE utf8mb4_unicode_ci DEFAULT NULL,
  `bg_status` varchar(255) COLLATE utf8mb4_unicode_ci DEFAULT NULL,
  `pg_status` varchar(255) COLLATE utf8mb4_unicode_ci DEFAULT NULL,
  `opening_date` date NOT NULL,
  `deleted_at` timestamp NULL DEFAULT NULL,
  `created_at` timestamp NULL DEFAULT NULL,
  `updated_at` timestamp NULL DEFAULT NULL
) ENGINE=InnoDB DEFAULT CHARSET=utf8mb4 COLLATE=utf8mb4_unicode_ci;

--
-- Dumping data for table `tenders`
--

INSERT INTO `tenders` (`id`, `etender_id`, `procuring_entity`, `item`, `tender_status`, `bg_status`, `pg_status`, `opening_date`, `deleted_at`, `created_at`, `updated_at`) VALUES
(1, '637804', 'NATP-2, DOF', '<ul><li>pH-7 Bufffer Solution</li><li>pH-4 Buffer Solution</li><li>TDS Buffer Solution</li><li>Ammonia Test Kit</li><li>Hardness Test kit</li></ul>', NULL, NULL, NULL, '2021-12-30', NULL, '2021-12-19 02:03:42', '2021-12-22 02:23:21');

-- --------------------------------------------------------

--
-- Table structure for table `users`
--

CREATE TABLE `users` (
  `id` bigint(20) UNSIGNED NOT NULL,
  `name` varchar(100) COLLATE utf8mb4_unicode_ci NOT NULL,
  `status` int(10) DEFAULT 0,
  `email` varchar(100) COLLATE utf8mb4_unicode_ci NOT NULL,
  `email_verified_at` timestamp NULL DEFAULT NULL,
  `password` varchar(100) COLLATE utf8mb4_unicode_ci NOT NULL,
  `two_factor_secret` text COLLATE utf8mb4_unicode_ci DEFAULT NULL,
  `two_factor_recovery_codes` text COLLATE utf8mb4_unicode_ci DEFAULT NULL,
  `remember_token` varchar(100) COLLATE utf8mb4_unicode_ci DEFAULT NULL,
  `created_at` timestamp NULL DEFAULT NULL,
  `updated_at` timestamp NULL DEFAULT NULL,
  `deleted_at` timestamp NULL DEFAULT NULL
) ENGINE=InnoDB DEFAULT CHARSET=utf8mb4 COLLATE=utf8mb4_unicode_ci;

--
-- Dumping data for table `users`
--

INSERT INTO `users` (`id`, `name`, `status`, `email`, `email_verified_at`, `password`, `two_factor_secret`, `two_factor_recovery_codes`, `remember_token`, `created_at`, `updated_at`, `deleted_at`) VALUES
(1, 'Himadree Barua', 1, 'symbex_erb@dhaka.net', NULL, '$2y$10$/PQry.nDbBipgaVH6N0dcuPTkYAuDkN2OHLVtMl74T.71f.8I47F6', NULL, NULL, 'owKTEsTUMTKUXmYlOpnqnIMJrlxIHZ3AafqW0J9uWxSc3cReIwYYNtrg9CGx', '2021-01-07 00:08:55', '2021-01-13 12:02:54', NULL),
(2, 'Debashis Barua', 1, 'symbex@dhaka.net', NULL, '$2y$10$cElKGiPnZXqaW7Yv0ZGzhOO6MXmEhWMJCS1lNasdIcvvAm5lYXgSC', NULL, NULL, '9w8cdHdL1HG6dlEIPaYdfz9ncSMODz485w4IEuktejDdtooFw0EZ0h8VUOdk', '2021-01-07 13:51:54', '2021-01-07 13:51:54', NULL),
(3, 'rony', 0, 'nani.howlader@gmail.com', NULL, '$2y$10$SDpS4ROV/7apegPM0mLI6O.34dTQop9mKLoYNloAZEnyvCrTg/eJC', NULL, NULL, 'efNGiIoZn3SZEkgzaHIIsfnW7ItKbAiE5XREg0tb1S2hHGdI8E6MMV8EWVMx', '2021-01-13 11:11:48', '2021-01-18 12:26:50', NULL),
(9, 'Dulal Sil', 0, 'dulal@gmail.com', NULL, '$2y$10$9tlqIxYDr9S7UlU.MTxXOuK0HMlHZiFhl1BMwnVkIjLIhLvznx3he', NULL, NULL, NULL, '2021-07-03 00:13:50', '2021-07-03 00:13:50', NULL),
(10, 'himadree', 1, 'himadree_kuntal@yahoo.com', NULL, '$2y$10$/4EogotQZv268EWPLHP1xO.PmqcPGYwbS3xB/P5bIp8L.RgbC72qu', NULL, NULL, NULL, '2021-07-03 00:14:17', '2021-07-03 00:14:17', NULL),
(11, 'test', 0, 'test@test.com', NULL, '$2y$10$hK5zZcLe0r7ub9GU88r38uUiBRQJWk2vgRumkILGY00PkOsSRenh2', NULL, NULL, NULL, '2021-11-10 02:15:49', '2021-11-10 02:15:49', NULL),
(12, 'bn', 1, 'bn@rt.iofr', NULL, '324234', NULL, NULL, NULL, '2021-11-11 01:19:45', '2021-11-11 01:19:45', NULL),
(13, 'zz', 1, 'zz@rt.opr', NULL, '$2y$10$EE.PGTpyly1y6gsnmqzbO.uUSdhzEjD40Suzuvszx4RcA/ED4btxy', NULL, NULL, NULL, '2021-11-11 01:24:05', '2021-11-11 01:24:05', NULL);

--
-- Indexes for dumped tables
--

--
-- Indexes for table `add_stocks`
--
ALTER TABLE `add_stocks`
  ADD PRIMARY KEY (`id`),
  ADD KEY `add_stocks_product_id_foreign` (`product_id`),
  ADD KEY `add_stocks_sale_id_foreign` (`sale_id`);

--
-- Indexes for table `bank_gurantees`
--
ALTER TABLE `bank_gurantees`
  ADD PRIMARY KEY (`id`),
  ADD KEY `bank_gurantees_tender_id_foreign` (`tender_id`);

--
-- Indexes for table `brands`
--
ALTER TABLE `brands`
  ADD PRIMARY KEY (`id`);

--
-- Indexes for table `categories`
--
ALTER TABLE `categories`
  ADD PRIMARY KEY (`id`);

--
-- Indexes for table `customers`
--
ALTER TABLE `customers`
  ADD PRIMARY KEY (`id`),
  ADD UNIQUE KEY `customers_email_unique` (`email`);

--
-- Indexes for table `daily_expenditures`
--
ALTER TABLE `daily_expenditures`
  ADD PRIMARY KEY (`id`),
  ADD KEY `daily_expenditures_expenditure_id_foreign` (`expenditure_id`);

--
-- Indexes for table `departments`
--
ALTER TABLE `departments`
  ADD PRIMARY KEY (`id`);

--
-- Indexes for table `designations`
--
ALTER TABLE `designations`
  ADD PRIMARY KEY (`id`),
  ADD KEY `designations_dept_id_foreign` (`dept_id`);

--
-- Indexes for table `education_employee`
--
ALTER TABLE `education_employee`
  ADD PRIMARY KEY (`id`),
  ADD KEY `education_employee_employee_id_foreign` (`employee_id`);

--
-- Indexes for table `employees`
--
ALTER TABLE `employees`
  ADD PRIMARY KEY (`id`),
  ADD UNIQUE KEY `employees_rfid_unique` (`rfid`),
  ADD UNIQUE KEY `employees_email_unique` (`email`),
  ADD KEY `employees_department_id_foreign` (`designation_id`);

--
-- Indexes for table `expenditure_lists`
--
ALTER TABLE `expenditure_lists`
  ADD PRIMARY KEY (`id`);

--
-- Indexes for table `failed_jobs`
--
ALTER TABLE `failed_jobs`
  ADD PRIMARY KEY (`id`),
  ADD UNIQUE KEY `failed_jobs_uuid_unique` (`uuid`);

--
-- Indexes for table `files`
--
ALTER TABLE `files`
  ADD PRIMARY KEY (`id`);

--
-- Indexes for table `lc_details`
--
ALTER TABLE `lc_details`
  ADD PRIMARY KEY (`id`),
  ADD KEY `lc_details_brand_id_foreign` (`brand_id`);

--
-- Indexes for table `ltr_payments`
--
ALTER TABLE `ltr_payments`
  ADD PRIMARY KEY (`id`),
  ADD KEY `ltr_payments_lc_id_foreign` (`lc_id`);

--
-- Indexes for table `migrations`
--
ALTER TABLE `migrations`
  ADD PRIMARY KEY (`id`);

--
-- Indexes for table `model_has_permissions`
--
ALTER TABLE `model_has_permissions`
  ADD PRIMARY KEY (`permission_id`,`model_id`,`model_type`),
  ADD KEY `model_has_permissions_model_id_model_type_index` (`model_id`,`model_type`);

--
-- Indexes for table `model_has_roles`
--
ALTER TABLE `model_has_roles`
  ADD PRIMARY KEY (`role_id`,`model_id`,`model_type`),
  ADD KEY `model_has_roles_model_id_model_type_index` (`model_id`,`model_type`);

--
-- Indexes for table `password_resets`
--
ALTER TABLE `password_resets`
  ADD KEY `password_resets_email_index` (`email`(191));

--
-- Indexes for table `performance_gurantees`
--
ALTER TABLE `performance_gurantees`
  ADD PRIMARY KEY (`id`),
  ADD KEY `performance_gurantees_tender_id_foreign` (`tender_id`);

--
-- Indexes for table `permissions`
--
ALTER TABLE `permissions`
  ADD PRIMARY KEY (`id`);

--
-- Indexes for table `products`
--
ALTER TABLE `products`
  ADD PRIMARY KEY (`id`),
  ADD KEY `products_category_id_foreign` (`category_id`),
  ADD KEY `products_brand_id_foreign` (`brand_id`);

--
-- Indexes for table `product_quotation`
--
ALTER TABLE `product_quotation`
  ADD KEY `product_quotation_quotation_id_foreign` (`quotation_id`),
  ADD KEY `product_quotation_product_id_foreign` (`product_id`);

--
-- Indexes for table `product_sale`
--
ALTER TABLE `product_sale`
  ADD KEY `product_sale_sale_id_foreign` (`sale_id`),
  ADD KEY `product_sale_product_id_foreign` (`product_id`);

--
-- Indexes for table `quotations`
--
ALTER TABLE `quotations`
  ADD PRIMARY KEY (`id`),
  ADD KEY `quotations_customer_id_foreign` (`customer_id`);

--
-- Indexes for table `roles`
--
ALTER TABLE `roles`
  ADD PRIMARY KEY (`id`);

--
-- Indexes for table `role_has_permissions`
--
ALTER TABLE `role_has_permissions`
  ADD PRIMARY KEY (`permission_id`,`role_id`),
  ADD KEY `role_has_permissions_role_id_foreign` (`role_id`);

--
-- Indexes for table `sales`
--
ALTER TABLE `sales`
  ADD PRIMARY KEY (`id`),
  ADD KEY `sales_customer_id_foreign` (`customer_id`);

--
-- Indexes for table `tenders`
--
ALTER TABLE `tenders`
  ADD PRIMARY KEY (`id`),
  ADD UNIQUE KEY `tenders_etender_id_unique` (`etender_id`);

--
-- Indexes for table `users`
--
ALTER TABLE `users`
  ADD PRIMARY KEY (`id`),
  ADD UNIQUE KEY `users_email_unique` (`email`);

--
-- AUTO_INCREMENT for dumped tables
--

--
-- AUTO_INCREMENT for table `add_stocks`
--
ALTER TABLE `add_stocks`
  MODIFY `id` bigint(20) UNSIGNED NOT NULL AUTO_INCREMENT, AUTO_INCREMENT=254;

--
-- AUTO_INCREMENT for table `bank_gurantees`
--
ALTER TABLE `bank_gurantees`
  MODIFY `id` bigint(20) UNSIGNED NOT NULL AUTO_INCREMENT, AUTO_INCREMENT=11;

--
-- AUTO_INCREMENT for table `brands`
--
ALTER TABLE `brands`
  MODIFY `id` bigint(20) UNSIGNED NOT NULL AUTO_INCREMENT, AUTO_INCREMENT=26;

--
-- AUTO_INCREMENT for table `categories`
--
ALTER TABLE `categories`
  MODIFY `id` bigint(20) UNSIGNED NOT NULL AUTO_INCREMENT, AUTO_INCREMENT=17;

--
-- AUTO_INCREMENT for table `customers`
--
ALTER TABLE `customers`
  MODIFY `id` bigint(20) UNSIGNED NOT NULL AUTO_INCREMENT, AUTO_INCREMENT=77;

--
-- AUTO_INCREMENT for table `daily_expenditures`
--
ALTER TABLE `daily_expenditures`
  MODIFY `id` bigint(20) UNSIGNED NOT NULL AUTO_INCREMENT, AUTO_INCREMENT=12;

--
-- AUTO_INCREMENT for table `departments`
--
ALTER TABLE `departments`
  MODIFY `id` bigint(20) UNSIGNED NOT NULL AUTO_INCREMENT, AUTO_INCREMENT=4;

--
-- AUTO_INCREMENT for table `designations`
--
ALTER TABLE `designations`
  MODIFY `id` bigint(20) UNSIGNED NOT NULL AUTO_INCREMENT, AUTO_INCREMENT=3;

--
-- AUTO_INCREMENT for table `education_employee`
--
ALTER TABLE `education_employee`
  MODIFY `id` bigint(20) UNSIGNED NOT NULL AUTO_INCREMENT, AUTO_INCREMENT=4;

--
-- AUTO_INCREMENT for table `employees`
--
ALTER TABLE `employees`
  MODIFY `id` bigint(20) UNSIGNED NOT NULL AUTO_INCREMENT, AUTO_INCREMENT=18;

--
-- AUTO_INCREMENT for table `expenditure_lists`
--
ALTER TABLE `expenditure_lists`
  MODIFY `id` bigint(20) UNSIGNED NOT NULL AUTO_INCREMENT, AUTO_INCREMENT=22;

--
-- AUTO_INCREMENT for table `failed_jobs`
--
ALTER TABLE `failed_jobs`
  MODIFY `id` bigint(20) UNSIGNED NOT NULL AUTO_INCREMENT;

--
-- AUTO_INCREMENT for table `files`
--
ALTER TABLE `files`
  MODIFY `id` bigint(20) UNSIGNED NOT NULL AUTO_INCREMENT, AUTO_INCREMENT=4;

--
-- AUTO_INCREMENT for table `lc_details`
--
ALTER TABLE `lc_details`
  MODIFY `id` bigint(20) UNSIGNED NOT NULL AUTO_INCREMENT, AUTO_INCREMENT=18;

--
-- AUTO_INCREMENT for table `ltr_payments`
--
ALTER TABLE `ltr_payments`
  MODIFY `id` bigint(20) UNSIGNED NOT NULL AUTO_INCREMENT, AUTO_INCREMENT=10;

--
-- AUTO_INCREMENT for table `migrations`
--
ALTER TABLE `migrations`
  MODIFY `id` int(10) UNSIGNED NOT NULL AUTO_INCREMENT, AUTO_INCREMENT=128;

--
-- AUTO_INCREMENT for table `performance_gurantees`
--
ALTER TABLE `performance_gurantees`
  MODIFY `id` bigint(20) UNSIGNED NOT NULL AUTO_INCREMENT, AUTO_INCREMENT=6;

--
-- AUTO_INCREMENT for table `permissions`
--
ALTER TABLE `permissions`
  MODIFY `id` bigint(20) UNSIGNED NOT NULL AUTO_INCREMENT, AUTO_INCREMENT=29;

--
-- AUTO_INCREMENT for table `products`
--
ALTER TABLE `products`
  MODIFY `id` bigint(20) UNSIGNED NOT NULL AUTO_INCREMENT, AUTO_INCREMENT=86;

--
-- AUTO_INCREMENT for table `quotations`
--
ALTER TABLE `quotations`
  MODIFY `id` bigint(20) UNSIGNED NOT NULL AUTO_INCREMENT, AUTO_INCREMENT=11;

--
-- AUTO_INCREMENT for table `roles`
--
ALTER TABLE `roles`
  MODIFY `id` bigint(20) UNSIGNED NOT NULL AUTO_INCREMENT, AUTO_INCREMENT=4;

--
-- AUTO_INCREMENT for table `sales`
--
ALTER TABLE `sales`
  MODIFY `id` bigint(20) UNSIGNED NOT NULL AUTO_INCREMENT, AUTO_INCREMENT=114;

--
-- AUTO_INCREMENT for table `tenders`
--
ALTER TABLE `tenders`
  MODIFY `id` bigint(20) UNSIGNED NOT NULL AUTO_INCREMENT, AUTO_INCREMENT=2;

--
-- AUTO_INCREMENT for table `users`
--
ALTER TABLE `users`
  MODIFY `id` bigint(20) UNSIGNED NOT NULL AUTO_INCREMENT, AUTO_INCREMENT=14;

--
-- Constraints for dumped tables
--

--
-- Constraints for table `add_stocks`
--
ALTER TABLE `add_stocks`
  ADD CONSTRAINT `add_stocks_product_id_foreign` FOREIGN KEY (`product_id`) REFERENCES `products` (`id`) ON DELETE CASCADE,
  ADD CONSTRAINT `add_stocks_sale_id_foreign` FOREIGN KEY (`sale_id`) REFERENCES `sales` (`id`) ON DELETE CASCADE;

--
-- Constraints for table `bank_gurantees`
--
ALTER TABLE `bank_gurantees`
  ADD CONSTRAINT `bank_gurantees_tender_id_foreign` FOREIGN KEY (`tender_id`) REFERENCES `tenders` (`id`);

--
-- Constraints for table `daily_expenditures`
--
ALTER TABLE `daily_expenditures`
  ADD CONSTRAINT `daily_expenditures_expenditure_id_foreign` FOREIGN KEY (`expenditure_id`) REFERENCES `expenditure_lists` (`id`);

--
-- Constraints for table `designations`
--
ALTER TABLE `designations`
  ADD CONSTRAINT `designations_dept_id_foreign` FOREIGN KEY (`dept_id`) REFERENCES `departments` (`id`);

--
-- Constraints for table `education_employee`
--
ALTER TABLE `education_employee`
  ADD CONSTRAINT `education_employee_employee_id_foreign` FOREIGN KEY (`employee_id`) REFERENCES `employees` (`id`) ON DELETE CASCADE;

--
-- Constraints for table `employees`
--
ALTER TABLE `employees`
  ADD CONSTRAINT `employees_designation_id_foreign` FOREIGN KEY (`designation_id`) REFERENCES `designations` (`id`);

--
-- Constraints for table `lc_details`
--
ALTER TABLE `lc_details`
  ADD CONSTRAINT `lc_details_brand_id_foreign` FOREIGN KEY (`brand_id`) REFERENCES `brands` (`id`) ON DELETE CASCADE;

--
-- Constraints for table `ltr_payments`
--
ALTER TABLE `ltr_payments`
  ADD CONSTRAINT `ltr_payments_lc_id_foreign` FOREIGN KEY (`lc_id`) REFERENCES `lc_details` (`id`) ON DELETE CASCADE;

--
-- Constraints for table `model_has_permissions`
--
ALTER TABLE `model_has_permissions`
  ADD CONSTRAINT `model_has_permissions_permission_id_foreign` FOREIGN KEY (`permission_id`) REFERENCES `permissions` (`id`) ON DELETE CASCADE;

--
-- Constraints for table `model_has_roles`
--
ALTER TABLE `model_has_roles`
  ADD CONSTRAINT `model_has_roles_role_id_foreign` FOREIGN KEY (`role_id`) REFERENCES `roles` (`id`) ON DELETE CASCADE;

--
-- Constraints for table `performance_gurantees`
--
ALTER TABLE `performance_gurantees`
  ADD CONSTRAINT `performance_gurantees_tender_id_foreign` FOREIGN KEY (`tender_id`) REFERENCES `tenders` (`id`);

--
-- Constraints for table `products`
--
ALTER TABLE `products`
  ADD CONSTRAINT `products_brand_id_foreign` FOREIGN KEY (`brand_id`) REFERENCES `brands` (`id`) ON DELETE CASCADE,
  ADD CONSTRAINT `products_category_id_foreign` FOREIGN KEY (`category_id`) REFERENCES `categories` (`id`) ON DELETE CASCADE;

--
-- Constraints for table `product_quotation`
--
ALTER TABLE `product_quotation`
  ADD CONSTRAINT `product_quotation_product_id_foreign` FOREIGN KEY (`product_id`) REFERENCES `products` (`id`) ON DELETE CASCADE,
  ADD CONSTRAINT `product_quotation_quotation_id_foreign` FOREIGN KEY (`quotation_id`) REFERENCES `quotations` (`id`) ON DELETE CASCADE;

--
-- Constraints for table `product_sale`
--
ALTER TABLE `product_sale`
  ADD CONSTRAINT `product_sale_product_id_foreign` FOREIGN KEY (`product_id`) REFERENCES `products` (`id`) ON DELETE CASCADE,
  ADD CONSTRAINT `product_sale_sale_id_foreign` FOREIGN KEY (`sale_id`) REFERENCES `sales` (`id`) ON DELETE CASCADE;

--
-- Constraints for table `quotations`
--
ALTER TABLE `quotations`
  ADD CONSTRAINT `quotations_customer_id_foreign` FOREIGN KEY (`customer_id`) REFERENCES `customers` (`id`) ON DELETE CASCADE;

--
-- Constraints for table `role_has_permissions`
--
ALTER TABLE `role_has_permissions`
  ADD CONSTRAINT `role_has_permissions_permission_id_foreign` FOREIGN KEY (`permission_id`) REFERENCES `permissions` (`id`) ON DELETE CASCADE,
  ADD CONSTRAINT `role_has_permissions_role_id_foreign` FOREIGN KEY (`role_id`) REFERENCES `roles` (`id`) ON DELETE CASCADE;

--
-- Constraints for table `sales`
--
ALTER TABLE `sales`
  ADD CONSTRAINT `sales_customer_id_foreign` FOREIGN KEY (`customer_id`) REFERENCES `customers` (`id`) ON DELETE CASCADE;
COMMIT;

/*!40101 SET CHARACTER_SET_CLIENT=@OLD_CHARACTER_SET_CLIENT */;
/*!40101 SET CHARACTER_SET_RESULTS=@OLD_CHARACTER_SET_RESULTS */;
/*!40101 SET COLLATION_CONNECTION=@OLD_COLLATION_CONNECTION */;
